,link,title,description,catagory
0,fNALUdAvnJ,General science Quiz in Hindi | Biology (‡§ú‡•Ä‡§µ ‡§µ‡§ø‡§ú‡•ç‡§û‡§æ‡§®) | Gk Science,"Please Download Pdf link :- http://imojo.in/f6yh28 
Science  Most Important Questions and Answers | Science gk |
Biology gk in hindi | general knowledge quiz |
General general knowledge in hindi |
ssc ,MPPSC ,UPPCS ,Railway |  

Buy Maths Full video course at Discount By CrazyGkTrick
-------------------------------------------------------------------------------------------------------------
Click to Purchase Maths Full Video Pen-drive Course  In Hindi: 
-----------------------------------------------------------------------------------------------------------

‡§™‡§Ç‡§ö‡§æ‡§Ø‡§§‡•Ä ‡§∞‡§æ‡§ú ‡§µ‡•ç‡§Ø‡§µ‡§∏‡•ç‡§•‡§æ Quiz: 
Current-affairs-quiz-‡§∏‡§ø‡§§‡§Æ‡•ç‡§¨‡§∞: 
SSC MTS MOCK TEST -1 : 
SSC MTS MOCK TEST- 2: :
SSC MTS MOCK TEST- 3: 
Physics Quiz : 

All Science Gk videos :- 

General Knowledge in Hindi | Blood (‡§∞‡§ï‡•ç‡§§ ‡§™‡§∞‡§ø‡§∏‡§Ç‡§ö‡§∞‡§£ ‡§§‡§Ç‡§§‡•ç‡§∞):


Science Gk In Hindi | ‡§™‡•ã‡§∑‡§ï ‡§™‡§¶‡§æ‡§∞‡•ç‡§• : (Nutrients):


Science Gk In Hindi | ‡§Ö‡§®‡•ç‡§§‡§É ‡§∏‡•ç‡§§‡•ç‡§∞‡§æ‡§µ‡•Ä ‡§§‡§Ç‡§§‡•ç‡§∞ ( Endocrine System ):


Science Gk | ‡§Æ‡§æ‡§®‡§µ ‡§∂‡§∞‡•Ä‡§∞ ‡§ï‡•á ‡§§‡§Ç‡§§‡•ç‡§∞ :- ‡§â‡§§‡•ç‡§∏‡§∞‡•ç‡§ú‡§® ‡§§‡§Ç‡§§‡•ç‡§∞ :


Science Gk In Hindi | ‡§™‡§æ‡§ö‡§® ‡§§‡§Ç‡§§‡•ç‡§∞ (Digestive System):


Exam-Utility: UPSC CSAT, Prelims, Mains,  CDS, CAPF,SSC CGL, MPSI,MPPSC,BPSC,RAS/RTS

For more Gk Tricks videos and Current Affairs you can visit our website Click on this link: 


Contact us:
Follow us on Facebook click on this link: ",Science and Technology
1,VdxzCAFGpg0,FINAL PREPRATION OF BIOLOGICAL SCIENCE FOR B. ED STUDENTS,"Important questions for biological science for b. Ed students of MDU / CRSU /KUK / CDLU
BY RAHUL SHARMA",Science and Technology
2,GVr-FP1r6-,"CAREERS IN BIOLOGY SCIENCE ‚Äì B.Sc,M.Sc,Science technician, Research,Job Opportunities,Salary Package","CAREERS  IN  BIOLOGY SCIENCE.Go through the career opportunities of BIOLOGY SCIENCE, Govt jobs and Employment News channel from Freshersworld.com ‚Äì The No.1 job portal for freshers in India. Visit   for detailed Career information,Job Opportunities,Education details of BIOLOGY SCIENCE.
Biological science is the study of all living things alive on this planet, particularly of those that have gone several expansions in the recent years. This is a field of study that has caught attention from a varied number of students as well as teachers as it has a very exciting and rapidly developing untouched/ unknown to everybody background.
The topics for biological science include neuroscience, cell biology, ecology and evolutionary biology. A tentative insight into all the subjects mentioned will give you definite knowledge about biological science as a subject as whole. 
Biology is a natural science subject concerned with the excessive study of living organisms and their lives, including the part of their structure, growth, functioning, evolution, distribution and taxonomy.
Also, forestry, medicine and pharmacy are included in this course, although, at a higher level.
Biological science requires the following degrees to be attained in the following time period:
‚Ä¢ Program Levels in Biological Science: Bachelor's degrees, Master's degrees
‚Ä¢ Prerequisites: High School diploma or GED
‚Ä¢ Program Length: Four years
The bachelor's degree in biological science offers a wide variety of subjects to be studies, which of them are:
‚Ä¢ Cell biology
‚Ä¢ Introductory biochemistry
‚Ä¢ Ecology, evolution and biodiversity
‚Ä¢ Biological literature
‚Ä¢ Principles of microbiology Molecular biology and genetics
The career options that follow the path of biological sciences' and have a variety to offer underneath the hat are as follows:
‚Ä¢ Medical laboratory technologist
‚Ä¢ Research associate
‚Ä¢ Secondary school biology teacher
‚Ä¢ Science technician
Branches of biology field:
‚Ä¢ Aerobiology
‚Ä¢ Agriculture
‚Ä¢ Anatomy
‚Ä¢ Histology
‚Ä¢ Astrobiology
‚Ä¢ Biochemistry
Following is a list of colleges/ universities that excel in Biological Sciences as a career option:
‚Ä¢ All-Indian Institute of Medical Sciences (AIIMS), Basic Science Depts. New Delhi
‚Ä¢ Anna University, Center for Biotechnology Chennai
‚Ä¢ Bose Institute, Dept. of Biochemistry Kolkata
‚Ä¢ Centre for Cellular and Molecular Biology (CCMB) Hyderabad
‚Ä¢ Central Drug Research Institute (CDRI) Lucknow
‚Ä¢ Delhi University, South Campus New Delhi
‚Ä¢ Indian Institute of Chemical Biology (IICB) Kolkata
‚Ä¢ Institute of Genomics and Integrative Biology (IGIB) New Delhi
‚Ä¢ Indian Institute of Science (IISc) Division of Biological Sciences Bangalore
‚Ä¢ Indian Institute of Science Education & Research (IISER), Biology, Kolkata
‚Ä¢ Indian Institute of Science Education & Research (IISER), Biology, Pune Indian
‚Ä¢ Institutes of Technology (IIT), Biosciences & Bioengineering Bombay Mumbai
‚Ä¢ Indian Institutes of Technology (IIT), Biosciences & Bioengineering, Kanpur
‚Ä¢ International Centre for Genetic Engineering and Biotechnology (ICGEB) New
‚Ä¢ Jawaharlal Nehru University (JNU), Life Sciences New Delhi 
‚Ä¢ National Center for Biological Sciences (NCBS) Bangalore
‚Ä¢ National Brain Research Center (NBRC) Manesar
‚Ä¢ National Center for Cell Science (NCCS) Pune
‚Ä¢ National Institute of Immunology (NII) New Delhi
‚Ä¢ Tata Inst. of Fundamental Research, Dept. of Biological Sciences (TIFR-DBS) Mumbai.
For more jobs & career information and daily job alerts, subscribe to our channel and support us. You can also install our Mobile app for govt jobs for getting regular notifications on your mobile. 

Freshersworld.com is the No.1 job portal for freshers jobs in India. 
Check Out website for more Jobs & Careers.

 
-
- 
***Disclaimer: This is just a career guidance video for fresher candidates. The name, logo and properties mentioned in the video are proprietary property of the respective companies. The career and job information mentioned are an indicative generalised information. In no way Freshersworld.com, indulges into direct or indirect recruitment process of the respective companies.",Science and Technology
3,PRv3gGCz,GURUKULAM (Mains) || Bio Science Pedagogy - Organic Evaluation - P1 || By Ch Praveen Kumar,"SoFTNET T-SAT GURUKULA UDYOGA GUIDE Coaching Class on GURUKULAM (Mains) ||  Bio Science Pedagogy - Organic Evaluation - P1 || By Ch Praveen Kumar


Subscribe: 
Watch On: .",Science and Technology
4,URUJD5NEXC8,Biology: Cell Structure I Nucleus Medical Media,"Go here to use in EMR: https://marketplace.athenahealth.com/...
This animation by Nucleus shows you the function of plant and animal cells for middle school and high school biology, including organelles like the nucleus, nucleolus, DNA (chromosomes), ribosomes, mitochondria, etc. Also included are ATP molecules, cytoskeleton, cytoplasm, microtubules, proteins, chloroplasts, chlorophyll, cell walls, cell membrane, cilia, flagellae, etc.

Watch another version of this video, narrated by a teacher, here: 

----

Watch other Nucleus Biology videos:
- Controlled Experiments: 
- Independent vs. Dependent Variables: 
- Active Transport: 

----

Learn more about the company that created this video: 
 

This animation won a Platinum Best of Show Aurora Award in 2016.",Science and Technology
5,DTnCqBUnaRM,Introduction to Biology | What is Biology | Science | LetsTute,"Check out our video  on ""Introduction To Biology"" 

In this online  lecture and tutorial on Introduction to Biology we will understand what is Biology and its definition.
Subscribe our  Channel: 
Website: 

In this session we will learn about:
1) What is Biology
2) Definition of Biology
3) Several characteristics of living organisms (composition,Metabolism,growth,Reproduction,evolution,principle)
4) Unifying principles of Life

I hope you will enjoy this session on Introduction to Biology on Let's tute

Next Session:
Cell Biology - Introduction to Cell


More Science Videos on:


Math Videos:


Subscribe Us For More Updates:
Link :   

Website :


To Get Regular Content Updates- 

Like Us On Facebook :


Follow Us On Twitter :


Add Us On Google+ for updates on our upcoming Videos


Email us @ 
info@letstute.co.in

WhatsApp your Queries on
+91 7506363600


Visit our other channels 

LetsTute  Cbse Math


LetsTute Accountancy 


Values to Lead (Value Education)",Science and Technology
6,3ZITZYnheeE,TRT - SA - Methodology || Bio-Science - ‡∞ú‡±Ä‡∞µ ‡∞∂‡∞æ‡∞∏‡±ç‡∞§‡±ç‡∞∞ ‡∞™‡±ç‡∞∞‡∞Ø‡±ã‡∞ó‡∞∂‡∞æ‡∞≤ - P1 || B. Karuna,"SoFTNET T-SAT || TRT - SA - Methodology || Bio-Science - ‡∞ú‡±Ä‡∞µ ‡∞∂‡∞æ‡∞∏‡±ç‡∞§‡±ç‡∞∞ ‡∞™‡±ç‡∞∞‡∞Ø‡±ã‡∞ó‡∞∂‡∞æ‡∞≤ - P1 || B. Karuna

Subscribe: 
Watch On: .",Science and Technology
7,PNj41dND,BIOLOGICAL SCIENCE 9th CLASS TM PART 1,"BIOLOGICAL SCIENCE 9th CLASS TM PART 1

USEFUL FOR TRT , TET , GROUPS , VRO....",Science and Technology
8,Zk4elFvSiY,‡§Æ‡§æ‡§®‡§µ ‡§∂‡§∞‡•Ä‡§∞ ! Human body GK ! Hindi mai /Biology 151 important questions ! ‡§π‡§ø‡§Ç‡§¶‡•Ä ‡§Æ‡•á‡§Ç !,"human body GS 151 very important MCQs which is expected to ask every competitive examination 2018

human body GS for PMT, GNT, GNM paramedical ,nursing BSc, nursing,

General science very important 151 question for 2018

General science very important question for RRB 2018
‡§ú‡•Ä‡§µ ‡§µ‡§ø‡§ú‡•ç‡§û‡§æ‡§® ‡§ï‡•á ‡§π‡§Æ‡§æ‡§∞‡•á ‡§∏‡§≠‡•Ä ‡§µ‡•Ä‡§°‡§ø‡§Ø‡•ã ‡§¶‡•á‡§ñ‡§®‡•á ‡§ï‡•á ‡§≤‡§ø‡§è ‡§á‡§∏ ‡§≤‡§ø‡§Ç‡§ï ‡§™‡§∞ ‡§ï‡•ç‡§≤‡§ø‡§ï ‡§ï‡§∞‡•á‡§Ç
‡§ú‡•Ä‡§µ ‡§µ‡§ø‡§ú‡•ç‡§û‡§æ‡§® ‡§ï‡•á ‡§Æ‡§π‡§§‡•ç‡§µ‡§™‡•Ç‡§∞‡•ç‡§£ ‡§™‡•ç‡§∞‡§∂‡•ç‡§®: 
‡§ï‡•á‡§Æ‡§ø‡§∏‡•ç‡§ü‡•ç‡§∞‡•Ä ‡§ï‡•á ‡§∏‡§≠‡•Ä ‡§µ‡•Ä‡§°‡§ø‡§Ø‡•ã ‡§¶‡•á‡§ñ‡§®‡•á ‡§ï‡•á ‡§≤‡§ø‡§è ‡§á‡§∏ ‡§≤‡§ø‡§Ç‡§ï ‡§™‡§∞ ‡§ï‡•ç‡§≤‡§ø‡§ï ‡§ï‡§∞‡•á‡§Ç
Chemistry 500 most important question: 
‡§´‡§ø‡§ú‡§ø‡§ï‡•ç‡§∏ ‡§ï‡•á ‡§π‡§Æ‡§æ‡§∞‡•á ‡§∏‡§≠‡•Ä ‡§µ‡•Ä‡§°‡§ø‡§Ø‡•ã ‡§¶‡•á‡§ñ‡§®‡•á ‡§ï‡•á ‡§≤‡§ø‡§è ‡§Ø‡§π‡§æ‡§Ç ‡§™‡§∞ ‡§ï‡•ç‡§≤‡§ø‡§ï ‡§ï‡§∞‡•á‡§Ç
‡§´‡§ø‡§ú‡§ø‡§ï‡•ç‡§∏ ‡§ï‡•á ‡§Æ‡§π‡§§‡•ç‡§µ‡§™‡•Ç‡§∞‡•ç‡§£ ‡§™‡•ç‡§∞‡§∂‡•ç‡§® ‡§π‡§ø‡§Ç‡§¶‡•Ä ‡§Æ‡•á‡§Ç: ",Science and Technology
9,JKnCAEiIdi,#Digestion System _1 #science #biology #science video class#Study 91 #Nitin sir,"Study 91 on youtube
1.Environment and Ecology
Environment & Ecology: 
2. ‡§™‡•ç‡§∞‡§æ‡§ö‡•Ä‡§® ‡§á‡§§‡§ø‡§π‡§æ‡§∏ 
Ancient HISTORY _‡§™‡•ç‡§∞‡§æ‡§ö‡•Ä‡§® ‡§á‡§§‡§ø‡§π‡§æ‡§∏: 

3. ‡§Æ‡§ß‡•ç‡§Ø‡§ï‡§æ‡§≤‡•Ä‡§® ‡§á‡§§‡§ø‡§π‡§æ‡§∏
‡§Æ‡§ß‡•ç‡§Ø‡§ï‡§æ‡§≤‡•Ä‡§® ‡§á‡§§‡§ø‡§π‡§æ‡§∏: 

4.‡§≠‡•Ç‡§ó‡•ã‡§≤
GEOGRAPHY _ ‡§≠‡•Ç‡§ó‡•ã‡§≤: 

5.‡§µ‡§ø‡§ú‡•ç‡§û‡§æ‡§®
Science - ‡§µ‡§ø‡§ú‡•ç‡§û‡§æ‡§®: 

7. ‡§â‡§§‡•ç‡§§‡§∞ ‡§™‡•ç‡§∞‡§¶‡•á‡§∂ ‡§∏‡•ç‡§™‡•á‡§∂‡§≤
UP Special ‡§è‡§ï ‡§®‡§ú‡§º‡§∞ ‡§Æ‡•á‡§Ç: 

8.‡§ï‡§≤‡§æ ‡§è‡§µ‡§Ç ‡§∏‡§Ç‡§∏‡•ç‡§ï‡•É‡§§‡§ø
MCQ -Art & Culture: 

9. ‡§≠‡§æ‡§∞‡§§‡•Ä‡§Ø ‡§∏‡§Ç‡§µ‡§ø‡§ß‡§æ‡§®
Indian Polity ‡§≠‡§æ‡§∞‡§§‡•Ä‡§Ø ‡§∏‡§Ç‡§µ‡§ø‡§ß‡§æ‡§®: 

10.Static GK
Static G.K. ‡§¨‡•ç‡§∞‡§Æ‡•ç‡§π‡§æ‡§∏‡•ç‡§§‡•ç‡§∞: 

11.Governor general ka etihas
‡§ó‡§µ‡§∞‡•ç‡§®‡§∞ ‡§ú‡§®‡§∞‡§≤ ‡§ï‡§æ ‡§á‡§§‡§ø‡§π‡§æ‡§∏: 

12.Economics
Economics-‡§Ö‡§∞‡•ç‡§•‡§∂‡§æ‡§∏‡•ç‡§§‡•ç‡§∞: 

13.NCERT Geography
NCERT Geography class-6 all chapters: 

14.Hindi
Hindi: 

15.GS KA DOSE
GS  ka Dose: 

16.QUESTION ANSWER PRACTICE
10 Days Special Classes: 

16.MODERN HISTORY QUICK REVISION
Modern History Quick Revision: 

17.MATH 
profit loss: 

18.Reasoning
Reasoning:  For Test Series Video Lecture :-


For Modern History Video Lecture :-


For Medieval History Video Lecture :-


For Ancient History Video Lecture :-


For full History Quick Revision Video Lecture :-


For Full Hindi Video Lecture :-


For Hindi Practice Video Lecture :-


For Indian Constitution Video Lecture :-


For Biology Video Lecture :-


For Economics Video Lecture :-


For Geography NCERT Video Lecture :-


For History NCERT Video Lecture :-


For Static GK Video Lecture :-",Science and Technology
10,HCa0w25H-6Q,What to do after 12th Science| Courses after 12th Science Biology| Career Options after 12th Biology,"Career Options After 12th Science| Career Options After 12th Biology| Career Options After 12th| Career Options After 12th PCB | Career Options After 12| What to do after 12th Biology | What to do after 12th |Courses after 12th Science\Biology |Career Option after 12th Biology| What to do after 12th Science| Biology| Medical|
-------------------------------------------------------------

üëâ You take the courses after any class, you must make sure that the courses which h you are taking, is up to the mark with your interest else that will be is useless.

üëâ students generally ask which are the best courses available after 12th science with Biology or with Mathematics. Most of the students who are having Biology in 12th standard, they ask questions about the courses available other than MBBS. We are providing career counseling material which will clear all of your doubts related to science with stream.
-------------------------------------------------------------

üëâ after 12th Biology-
#1- MBBS
#2- BDS
#3- BHMS
#4- BAMS
#5- B.Pharm
#6- B.Sc Nursing
#7- BPT
#8- BOT
#9- BUMS
#10- D.Pharm
#11- BMLT
#12- DMLT
#13- B.Sc

üëâüëâWhat to choose as a career after 12th Science is the biggest question that runs in every students mind. Parents too loose their peaceful sleep after their child clears 12th science board exam. Actually there are hundreds of options available to the students of 12th science stream. But without proper knowledge and guidance about the right option it does become difficult and confusing for both the students and their parents to select the suitable option for a bright career.
--------------------------------------------
üëâ‡§π‡§Æ‡§∏‡•á ‡§´‡•á‡§∏‡§¨‡•Å‡§ï  ‡§Æ‡•á‡§Ç ‡§ú‡•Å‡§°‡•á‡§Ç --
--------------------------------------------
üëç‡§Ü‡§™‡§ï‡•ã ‡§Ø‡•á Video ‡§Ö‡§ö‡•ç‡§õ‡•Ä ‡§≤‡§ó‡•Ä ‡§§‡•ã Please   & .
 --------------------------------------------
üëâS+U+B+S+C+R+I+B+E - PANDEY VITALüëáüëá

------------------------------------------------
Background music Credit- 

NirvanaVEVO by Chris Zabriskie is licensed under a Creative Commons Attribution license ()
Source: 
Artist: ",Science and Technology
11,5467HbUeWKY,10th BIOLOGY PART-1 || BIOLOGICAL SCIENCE 10th CLASS TM PART 1 || BIOLOGY STUDY MATERIAL IN TELUGU,"BIOLOGICAL SCIENCE 10th CLASS TM PART 1

USEFUL FOR TRT , TET , GROUPS , VRO....",Science and Technology
12,qL1wfnRwSbE,Biological science Model Paper-1 || For all competative Exams,#Biological_Science_Model_paper #Shineindia_RK Tutorial,Science and Technology
13,2qPO79j8-g,BIO SCIENCE OR PURE SCIENCE WHAT IS GOOD ? By Smart Teacher,BIO SCIENCE OR  PURE SCIENCE WHAT IS GOOD ?  this video help Madhyamik Student to Choose their subject .VERY VERY HELPFUL VIDEO FOR CLASS X STUDENT.,Science and Technology
14,dfR_gJQgdRk,Introduction to Biological Sciences Class 1,Introduction to biological sciences.,Science and Technology
15,ADiql3FG5i,Quantum Biology: The Hidden Nature of Nature,"Can the spooky world of quantum physics explain bird navigation, photosynthesis and even our delicate sense of smell? Clues are mounting that the rules governing the subatomic realm may play an unexpectedly pivotal role in the visible world. Join leading thinkers in the emerging field of quantum biology as they explore the hidden hand of quantum physics in everyday life and discuss how these insights may one day revolutionize thinking on everything from the energy crisis to quantum computers.

The World Science Festival gathers great minds in science and the arts to produce live and digital content that allows a broad general audience to engage with scientific discoveries. Our mission is to cultivate a general public informed by science, inspired by its wonder, convinced of its value, and prepared to engage with its implications for the future.

Subscribe to our YouTube Channel for all the latest from WSF.
Visit our Website: 
Like us on Facebook: 
Follow us on twitter: 

Original Program Date: June 1, 2012
MODERATOR: John Hockenberry
PARTICIPANTS: Paul Davies, Seth Lloyd, Thorsten Ritz

John Hockenberry's introduction 

Participant Introductions 

How is there a convergence between biology and the quantum? 

Are particles in two places at once or is this based just on observations? 

Are biological states creating a unique quantum rules? 

Quantum mechanics is so counterintuitive. 

Can nature have a quantum sense? 

The quantum migration of birds... With bird brains? 

Electron spin and magnetic fields. 

Cryptochrome releases particles with spin and the bird knows where to go. 

How is bird migration an example for evolution? 

photosynthesis and quantum phenomena. 

Bacteria doing quantum search. 

Is quantum tunneling the key to quantum biology? 

What are the experiments that prove this? 

When fields converge how do you determine causality? 

We have no idea how life began. 

Replication leads to variation which is the beginning of life? ",Science and Technology
16,BtdqqX-zYn,Studying Biological Sciences,"Biological Sciences is one of the largest subject areas within Bangor University and boasts its very own Natural History Museum, extensive marine and freshwater aquaria; as well as use of the University's Botanic Garden. 

Cutting-edge science is integral to our research programmes, and feeds through into the teaching environment. 

Bangor has a long tradition in teaching and research in the Biological Sciences. Research submitted by the School of Biological Sciences has been recognised as being within the top 20 in the UK in the Research Excellence Framework (REF 2014) and we have been awarded a Gold rating in the Teaching Excellence Framework. 

Bangor‚Äôs location makes it an ideal place to study biology ‚Äì the range of soil types, climate and topography provides numerous diverse habitats, all within easy reach for field-based studies.",Science and Technology
17,jBb349YY-,Web of Complex Biology - Science Documentary ‚úî,"Welcome!! ~ Feel free to Like & Subscribe ~
- Biology is a natural science concerned with the study of life and living organisms, including their structure, function, growth, evolution, distribution, identification and taxonomy. Modern biology is a vast and eclectic field, composed of many branches and subdisciplines. However, despite the broad scope of biology, there are certain general and unifying concepts within it that govern all study and research, consolidating it into single, coherent field. In general, biology recognizes the cell as the basic unit of life, genes as the basic unit of heredity, and evolution as the engine that propels the synthesis and creation of new species. It is also understood today that all the organisms survive by consuming and transforming energy and by regulating their internal environment to maintain a stable and vital condition known as homeostasis.

- For more interesting documentaries click ",Science and Technology
18,ZjDxQ84NRg,Best Career Options After 12th science in Hindi 2018| Career Guidance for 12th Biology Students 2018,"Are you a Bio-science student? Are you confused about the best career you can go for?? DO you wanna know which are the best career options for 12th Bio-science students/? If your answer is yes for all these queries, then you must watch this video. In this video, I‚Äôve mentioned how can you select a desired career for you and what are the course choice to opt for after 12th biology. 

Channel about:
 
Information Center is a hub of knowledge on various subjects including health, tech, jobs and career, success and motivation and lots more. 
----------------------------- 

Subscribe Information Center to get notified when any new video is uploaded on this channel.



For more videos check: 

You can Follow us on:
Twitter: 

Facebook page: 

Subscribe Information Center:


Also watch: 

6 Morning Habits Of Successful People | ‡§Ö‡§Æ‡•Ä‡§∞‡•ã‡§Ç ‡§ï‡•Ä 6 ‡§Ü‡§¶‡§§‡•á‡§Ç ‡§ú‡•ã ‡§ó‡§∞‡•Ä‡§¨‡•ã ‡§Æ‡•á‡§Ç ‡§®‡§π‡•Ä‡§Ç ‡§π‡•ã‡§§‡•Ä | 2018


How to get 90% Marks in 10th and 12th Board Exams in just 30 days | Study Planning | 2018


Creative Common Videos 2018 [UPDATED]
                                                                             

Download Instagram Videos and Photos with just 1 click | 2018


How to Protect Your Smartphone from Theft 2018 | ‡§Ö‡§™‡§®‡•á ‡§´‡§º‡•ã‡§® ‡§ï‡•ã ‡§ö‡•ã‡§∞‡•Ä ‡§π‡•ã‡§®‡•á ‡§∏‡•á ‡§ï‡•à‡§∏‡•á ‡§¨‡§ö‡§æ‡§è‡§Ç 


Why worry?? ‡§ö‡§ø‡§Ç‡§§‡§æ ‡§ï‡•ç‡§Ø‡•ã‡§Ç?? | Best Motivational video 2018


4 Best Education apps for kids 2018


‡§∞‡•á‡§≤‡§µ‡•á ‡§∏‡•á ‡§ú‡•Å‡§°‡§º‡•á ‡§ï‡•Å‡§õ ‡§ú‡§∞‡•Å‡§∞‡•Ä ‡§è‡§™‡•ç‡§™‡•ç‡§∏ 2018 | Best Railway Apps You Must Know 20
‡§∞‡•á‡§≤‡§µ‡•á ‡§∏‡•á ‡§ú‡•Å‡§°‡§º‡•á ‡§ï‡•Å‡§õ ‡§ú‡§∞‡•Å‡§∞‡•Ä ‡§è‡§™‡•ç‡§™‡•ç‡§∏ 2018 | Best Railway Apps You Must Know 2018





Upcoming searches:
Career options after 12th Science
Career Option In Science , 
What are the career options after 12th science PCB
Physics, chemistry, Bio career options after 12th
Courses after 12 th science other than engineering in Hindi 
12th Science (PCM/PCB) Ke Baad Best Courses
Career options after 12th maths Science
Career options after 12th arts
Career options after 12th Commerce
Best Career options after 12th
What to do After 12th Science
12th result
12th class ke baad kya karen
What are good careers after 12th in science?
high salary courses after 12th science
career options after 12th science pcm
after 12th science courses list
career options after 12th science pcm other than engineering
courses after 12th science biology
career options after 12th science pcb
career guidance after 12th in hindi
best career options after 12th pcm for girl",Science and Technology
19,2t5fXLWug,2 AP BIOLOGY PRC LET EXAM REVIEW SERIES,Part 2 of online review series!,Science and Technology
20,U55385Cr4,HOW TO QUALIFY IIT - JAM BIOLOGICAL SCIENCE / BIOTECH,"Interview by M. Tejaswani, Venkateshwara College, Delhi University. She secured 14th Rank in IIT - JAM 2017. She was a student of Grassroots Academy, Delhi, a premier coaching for IIT JAM BIOTECH, CSIR NET LIFE SCIENCES.",Science and Technology
21,XBc-XA1JEq4,"The Fundamental Unit of Life - Class 9 Biology, Science | Digital Teacher","Digital Teacher ‚Äì In this section, we are going to learn about the basic structural unit of an organ, cell and its functions.  Know more http://www.digitalteacher.in/
Download our digital teacher learning app: 

For more videos! SUBSCRIBE to the Digital Teacher channel: ",Science and Technology
22,M8bClcHi2,Blood circulation and heart beat in human body in 3D ‚Äìbiology -science ‚Äì iDaalearning.com,"http://www.idaalearning.com/ 
Let's learn the direction of blood flow.
The superior and inferior vena cava are the blood vessels which carry carbon dioxide rich blood from the different body parts to the right atrium and right ventricle. 
From here, this blood goes to the lungs via pulmonary artery for purification. 
In the lungs there is exchange of gases and the oxygen rich blood from here travels to the heart again through pulmonary vein. 
The oxygen rich blood reaches the left atrium and left ventricle. 
From here the aorta and the other arteries carry oxygen rich blood to the body parts and the cycle begins all over again.",Science and Technology
23,GoGRntWrX1A,LET (BLEPT) - GEN ED AND BIOLOGICAL SCIENCE - MACROMOLECULES,,Science and Technology
24,jLqNcHykpjY,DSC 2018 official key school assistant biological science,dsc 2018 official key school assistant biological science,Science and Technology
25,IfozsnxWrX,BIOLOGY BITS IN TELUGU | BIOLOGICAL SCIENCE PRACTICE BITS - 1,"BIOLOGICAL SCIENCE PRACTICE BITS - 1 

USEFUL FOR TRT , TET , GROUPS , VRO....",Science and Technology
26,fNALUdAvnJ,General science Quiz in Hindi | Biology (‡§ú‡•Ä‡§µ ‡§µ‡§ø‡§ú‡•ç‡§û‡§æ‡§®) | Gk Science,"Please Download Pdf link :- http://imojo.in/f6yh28 
Science  Most Important Questions and Answers | Science gk |
Biology gk in hindi | general knowledge quiz |
General general knowledge in hindi |
ssc ,MPPSC ,UPPCS ,Railway |  

Buy Maths Full video course at Discount By CrazyGkTrick
-------------------------------------------------------------------------------------------------------------
Click to Purchase Maths Full Video Pen-drive Course  In Hindi: 
-----------------------------------------------------------------------------------------------------------

‡§™‡§Ç‡§ö‡§æ‡§Ø‡§§‡•Ä ‡§∞‡§æ‡§ú ‡§µ‡•ç‡§Ø‡§µ‡§∏‡•ç‡§•‡§æ Quiz: 
Current-affairs-quiz-‡§∏‡§ø‡§§‡§Æ‡•ç‡§¨‡§∞: 
SSC MTS MOCK TEST -1 : 
SSC MTS MOCK TEST- 2: :
SSC MTS MOCK TEST- 3: 
Physics Quiz : 

All Science Gk videos :- 

General Knowledge in Hindi | Blood (‡§∞‡§ï‡•ç‡§§ ‡§™‡§∞‡§ø‡§∏‡§Ç‡§ö‡§∞‡§£ ‡§§‡§Ç‡§§‡•ç‡§∞):


Science Gk In Hindi | ‡§™‡•ã‡§∑‡§ï ‡§™‡§¶‡§æ‡§∞‡•ç‡§• : (Nutrients):


Science Gk In Hindi | ‡§Ö‡§®‡•ç‡§§‡§É ‡§∏‡•ç‡§§‡•ç‡§∞‡§æ‡§µ‡•Ä ‡§§‡§Ç‡§§‡•ç‡§∞ ( Endocrine System ):


Science Gk | ‡§Æ‡§æ‡§®‡§µ ‡§∂‡§∞‡•Ä‡§∞ ‡§ï‡•á ‡§§‡§Ç‡§§‡•ç‡§∞ :- ‡§â‡§§‡•ç‡§∏‡§∞‡•ç‡§ú‡§® ‡§§‡§Ç‡§§‡•ç‡§∞ :


Science Gk In Hindi | ‡§™‡§æ‡§ö‡§® ‡§§‡§Ç‡§§‡•ç‡§∞ (Digestive System):


Exam-Utility: UPSC CSAT, Prelims, Mains,  CDS, CAPF,SSC CGL, MPSI,MPPSC,BPSC,RAS/RTS

For more Gk Tricks videos and Current Affairs you can visit our website Click on this link: 


Contact us:
Follow us on Facebook click on this link: ",Science and Technology
27,VdxzCAFGpg0,FINAL PREPRATION OF BIOLOGICAL SCIENCE FOR B. ED STUDENTS,"Important questions for biological science for b. Ed students of MDU / CRSU /KUK / CDLU
BY RAHUL SHARMA",Science and Technology
28,GVr-FP1r6-,"CAREERS IN BIOLOGY SCIENCE ‚Äì B.Sc,M.Sc,Science technician, Research,Job Opportunities,Salary Package","CAREERS  IN  BIOLOGY SCIENCE.Go through the career opportunities of BIOLOGY SCIENCE, Govt jobs and Employment News channel from Freshersworld.com ‚Äì The No.1 job portal for freshers in India. Visit   for detailed Career information,Job Opportunities,Education details of BIOLOGY SCIENCE.
Biological science is the study of all living things alive on this planet, particularly of those that have gone several expansions in the recent years. This is a field of study that has caught attention from a varied number of students as well as teachers as it has a very exciting and rapidly developing untouched/ unknown to everybody background.
The topics for biological science include neuroscience, cell biology, ecology and evolutionary biology. A tentative insight into all the subjects mentioned will give you definite knowledge about biological science as a subject as whole. 
Biology is a natural science subject concerned with the excessive study of living organisms and their lives, including the part of their structure, growth, functioning, evolution, distribution and taxonomy.
Also, forestry, medicine and pharmacy are included in this course, although, at a higher level.
Biological science requires the following degrees to be attained in the following time period:
‚Ä¢ Program Levels in Biological Science: Bachelor's degrees, Master's degrees
‚Ä¢ Prerequisites: High School diploma or GED
‚Ä¢ Program Length: Four years
The bachelor's degree in biological science offers a wide variety of subjects to be studies, which of them are:
‚Ä¢ Cell biology
‚Ä¢ Introductory biochemistry
‚Ä¢ Ecology, evolution and biodiversity
‚Ä¢ Biological literature
‚Ä¢ Principles of microbiology Molecular biology and genetics
The career options that follow the path of biological sciences' and have a variety to offer underneath the hat are as follows:
‚Ä¢ Medical laboratory technologist
‚Ä¢ Research associate
‚Ä¢ Secondary school biology teacher
‚Ä¢ Science technician
Branches of biology field:
‚Ä¢ Aerobiology
‚Ä¢ Agriculture
‚Ä¢ Anatomy
‚Ä¢ Histology
‚Ä¢ Astrobiology
‚Ä¢ Biochemistry
Following is a list of colleges/ universities that excel in Biological Sciences as a career option:
‚Ä¢ All-Indian Institute of Medical Sciences (AIIMS), Basic Science Depts. New Delhi
‚Ä¢ Anna University, Center for Biotechnology Chennai
‚Ä¢ Bose Institute, Dept. of Biochemistry Kolkata
‚Ä¢ Centre for Cellular and Molecular Biology (CCMB) Hyderabad
‚Ä¢ Central Drug Research Institute (CDRI) Lucknow
‚Ä¢ Delhi University, South Campus New Delhi
‚Ä¢ Indian Institute of Chemical Biology (IICB) Kolkata
‚Ä¢ Institute of Genomics and Integrative Biology (IGIB) New Delhi
‚Ä¢ Indian Institute of Science (IISc) Division of Biological Sciences Bangalore
‚Ä¢ Indian Institute of Science Education & Research (IISER), Biology, Kolkata
‚Ä¢ Indian Institute of Science Education & Research (IISER), Biology, Pune Indian
‚Ä¢ Institutes of Technology (IIT), Biosciences & Bioengineering Bombay Mumbai
‚Ä¢ Indian Institutes of Technology (IIT), Biosciences & Bioengineering, Kanpur
‚Ä¢ International Centre for Genetic Engineering and Biotechnology (ICGEB) New
‚Ä¢ Jawaharlal Nehru University (JNU), Life Sciences New Delhi 
‚Ä¢ National Center for Biological Sciences (NCBS) Bangalore
‚Ä¢ National Brain Research Center (NBRC) Manesar
‚Ä¢ National Center for Cell Science (NCCS) Pune
‚Ä¢ National Institute of Immunology (NII) New Delhi
‚Ä¢ Tata Inst. of Fundamental Research, Dept. of Biological Sciences (TIFR-DBS) Mumbai.
For more jobs & career information and daily job alerts, subscribe to our channel and support us. You can also install our Mobile app for govt jobs for getting regular notifications on your mobile. 

Freshersworld.com is the No.1 job portal for freshers jobs in India. 
Check Out website for more Jobs & Careers.

 
-
- 
***Disclaimer: This is just a career guidance video for fresher candidates. The name, logo and properties mentioned in the video are proprietary property of the respective companies. The career and job information mentioned are an indicative generalised information. In no way Freshersworld.com, indulges into direct or indirect recruitment process of the respective companies.",Science and Technology
29,PRv3gGCz,GURUKULAM (Mains) || Bio Science Pedagogy - Organic Evaluation - P1 || By Ch Praveen Kumar,"SoFTNET T-SAT GURUKULA UDYOGA GUIDE Coaching Class on GURUKULAM (Mains) ||  Bio Science Pedagogy - Organic Evaluation - P1 || By Ch Praveen Kumar


Subscribe: 
Watch On: .",Science and Technology
30,URUJD5NEXC8,Biology: Cell Structure I Nucleus Medical Media,"Go here to use in EMR: https://marketplace.athenahealth.com/...
This animation by Nucleus shows you the function of plant and animal cells for middle school and high school biology, including organelles like the nucleus, nucleolus, DNA (chromosomes), ribosomes, mitochondria, etc. Also included are ATP molecules, cytoskeleton, cytoplasm, microtubules, proteins, chloroplasts, chlorophyll, cell walls, cell membrane, cilia, flagellae, etc.

Watch another version of this video, narrated by a teacher, here: 

----

Watch other Nucleus Biology videos:
- Controlled Experiments: 
- Independent vs. Dependent Variables: 
- Active Transport: 

----

Learn more about the company that created this video: 
 

This animation won a Platinum Best of Show Aurora Award in 2016.",Science and Technology
31,DTnCqBUnaRM,Introduction to Biology | What is Biology | Science | LetsTute,"Check out our video  on ""Introduction To Biology"" 

In this online  lecture and tutorial on Introduction to Biology we will understand what is Biology and its definition.
Subscribe our  Channel: 
Website: 

In this session we will learn about:
1) What is Biology
2) Definition of Biology
3) Several characteristics of living organisms (composition,Metabolism,growth,Reproduction,evolution,principle)
4) Unifying principles of Life

I hope you will enjoy this session on Introduction to Biology on Let's tute

Next Session:
Cell Biology - Introduction to Cell


More Science Videos on:


Math Videos:


Subscribe Us For More Updates:
Link :   

Website :


To Get Regular Content Updates- 

Like Us On Facebook :


Follow Us On Twitter :


Add Us On Google+ for updates on our upcoming Videos


Email us @ 
info@letstute.co.in

WhatsApp your Queries on
+91 7506363600


Visit our other channels 

LetsTute  Cbse Math


LetsTute Accountancy 


Values to Lead (Value Education)",Science and Technology
32,3ZITZYnheeE,TRT - SA - Methodology || Bio-Science - ‡∞ú‡±Ä‡∞µ ‡∞∂‡∞æ‡∞∏‡±ç‡∞§‡±ç‡∞∞ ‡∞™‡±ç‡∞∞‡∞Ø‡±ã‡∞ó‡∞∂‡∞æ‡∞≤ - P1 || B. Karuna,"SoFTNET T-SAT || TRT - SA - Methodology || Bio-Science - ‡∞ú‡±Ä‡∞µ ‡∞∂‡∞æ‡∞∏‡±ç‡∞§‡±ç‡∞∞ ‡∞™‡±ç‡∞∞‡∞Ø‡±ã‡∞ó‡∞∂‡∞æ‡∞≤ - P1 || B. Karuna

Subscribe: 
Watch On: .",Science and Technology
33,PNj41dND,BIOLOGICAL SCIENCE 9th CLASS TM PART 1,"BIOLOGICAL SCIENCE 9th CLASS TM PART 1

USEFUL FOR TRT , TET , GROUPS , VRO....",Science and Technology
34,Zk4elFvSiY,‡§Æ‡§æ‡§®‡§µ ‡§∂‡§∞‡•Ä‡§∞ ! Human body GK ! Hindi mai /Biology 151 important questions ! ‡§π‡§ø‡§Ç‡§¶‡•Ä ‡§Æ‡•á‡§Ç !,"human body GS 151 very important MCQs which is expected to ask every competitive examination 2018

human body GS for PMT, GNT, GNM paramedical ,nursing BSc, nursing,

General science very important 151 question for 2018

General science very important question for RRB 2018
‡§ú‡•Ä‡§µ ‡§µ‡§ø‡§ú‡•ç‡§û‡§æ‡§® ‡§ï‡•á ‡§π‡§Æ‡§æ‡§∞‡•á ‡§∏‡§≠‡•Ä ‡§µ‡•Ä‡§°‡§ø‡§Ø‡•ã ‡§¶‡•á‡§ñ‡§®‡•á ‡§ï‡•á ‡§≤‡§ø‡§è ‡§á‡§∏ ‡§≤‡§ø‡§Ç‡§ï ‡§™‡§∞ ‡§ï‡•ç‡§≤‡§ø‡§ï ‡§ï‡§∞‡•á‡§Ç
‡§ú‡•Ä‡§µ ‡§µ‡§ø‡§ú‡•ç‡§û‡§æ‡§® ‡§ï‡•á ‡§Æ‡§π‡§§‡•ç‡§µ‡§™‡•Ç‡§∞‡•ç‡§£ ‡§™‡•ç‡§∞‡§∂‡•ç‡§®: 
‡§ï‡•á‡§Æ‡§ø‡§∏‡•ç‡§ü‡•ç‡§∞‡•Ä ‡§ï‡•á ‡§∏‡§≠‡•Ä ‡§µ‡•Ä‡§°‡§ø‡§Ø‡•ã ‡§¶‡•á‡§ñ‡§®‡•á ‡§ï‡•á ‡§≤‡§ø‡§è ‡§á‡§∏ ‡§≤‡§ø‡§Ç‡§ï ‡§™‡§∞ ‡§ï‡•ç‡§≤‡§ø‡§ï ‡§ï‡§∞‡•á‡§Ç
Chemistry 500 most important question: 
‡§´‡§ø‡§ú‡§ø‡§ï‡•ç‡§∏ ‡§ï‡•á ‡§π‡§Æ‡§æ‡§∞‡•á ‡§∏‡§≠‡•Ä ‡§µ‡•Ä‡§°‡§ø‡§Ø‡•ã ‡§¶‡•á‡§ñ‡§®‡•á ‡§ï‡•á ‡§≤‡§ø‡§è ‡§Ø‡§π‡§æ‡§Ç ‡§™‡§∞ ‡§ï‡•ç‡§≤‡§ø‡§ï ‡§ï‡§∞‡•á‡§Ç
‡§´‡§ø‡§ú‡§ø‡§ï‡•ç‡§∏ ‡§ï‡•á ‡§Æ‡§π‡§§‡•ç‡§µ‡§™‡•Ç‡§∞‡•ç‡§£ ‡§™‡•ç‡§∞‡§∂‡•ç‡§® ‡§π‡§ø‡§Ç‡§¶‡•Ä ‡§Æ‡•á‡§Ç: ",Science and Technology
35,JKnCAEiIdi,#Digestion System _1 #science #biology #science video class#Study 91 #Nitin sir,"Study 91 on youtube
1.Environment and Ecology
Environment & Ecology: 
2. ‡§™‡•ç‡§∞‡§æ‡§ö‡•Ä‡§® ‡§á‡§§‡§ø‡§π‡§æ‡§∏ 
Ancient HISTORY _‡§™‡•ç‡§∞‡§æ‡§ö‡•Ä‡§® ‡§á‡§§‡§ø‡§π‡§æ‡§∏: 

3. ‡§Æ‡§ß‡•ç‡§Ø‡§ï‡§æ‡§≤‡•Ä‡§® ‡§á‡§§‡§ø‡§π‡§æ‡§∏
‡§Æ‡§ß‡•ç‡§Ø‡§ï‡§æ‡§≤‡•Ä‡§® ‡§á‡§§‡§ø‡§π‡§æ‡§∏: 

4.‡§≠‡•Ç‡§ó‡•ã‡§≤
GEOGRAPHY _ ‡§≠‡•Ç‡§ó‡•ã‡§≤: 

5.‡§µ‡§ø‡§ú‡•ç‡§û‡§æ‡§®
Science - ‡§µ‡§ø‡§ú‡•ç‡§û‡§æ‡§®: 

7. ‡§â‡§§‡•ç‡§§‡§∞ ‡§™‡•ç‡§∞‡§¶‡•á‡§∂ ‡§∏‡•ç‡§™‡•á‡§∂‡§≤
UP Special ‡§è‡§ï ‡§®‡§ú‡§º‡§∞ ‡§Æ‡•á‡§Ç: 

8.‡§ï‡§≤‡§æ ‡§è‡§µ‡§Ç ‡§∏‡§Ç‡§∏‡•ç‡§ï‡•É‡§§‡§ø
MCQ -Art & Culture: 

9. ‡§≠‡§æ‡§∞‡§§‡•Ä‡§Ø ‡§∏‡§Ç‡§µ‡§ø‡§ß‡§æ‡§®
Indian Polity ‡§≠‡§æ‡§∞‡§§‡•Ä‡§Ø ‡§∏‡§Ç‡§µ‡§ø‡§ß‡§æ‡§®: 

10.Static GK
Static G.K. ‡§¨‡•ç‡§∞‡§Æ‡•ç‡§π‡§æ‡§∏‡•ç‡§§‡•ç‡§∞: 

11.Governor general ka etihas
‡§ó‡§µ‡§∞‡•ç‡§®‡§∞ ‡§ú‡§®‡§∞‡§≤ ‡§ï‡§æ ‡§á‡§§‡§ø‡§π‡§æ‡§∏: 

12.Economics
Economics-‡§Ö‡§∞‡•ç‡§•‡§∂‡§æ‡§∏‡•ç‡§§‡•ç‡§∞: 

13.NCERT Geography
NCERT Geography class-6 all chapters: 

14.Hindi
Hindi: 

15.GS KA DOSE
GS  ka Dose: 

16.QUESTION ANSWER PRACTICE
10 Days Special Classes: 

16.MODERN HISTORY QUICK REVISION
Modern History Quick Revision: 

17.MATH 
profit loss: 

18.Reasoning
Reasoning:  For Test Series Video Lecture :-


For Modern History Video Lecture :-


For Medieval History Video Lecture :-


For Ancient History Video Lecture :-


For full History Quick Revision Video Lecture :-


For Full Hindi Video Lecture :-


For Hindi Practice Video Lecture :-


For Indian Constitution Video Lecture :-


For Biology Video Lecture :-


For Economics Video Lecture :-


For Geography NCERT Video Lecture :-


For History NCERT Video Lecture :-


For Static GK Video Lecture :-",Science and Technology
36,HCa0w25H-6Q,What to do after 12th Science| Courses after 12th Science Biology| Career Options after 12th Biology,"Career Options After 12th Science| Career Options After 12th Biology| Career Options After 12th| Career Options After 12th PCB | Career Options After 12| What to do after 12th Biology | What to do after 12th |Courses after 12th Science\Biology |Career Option after 12th Biology| What to do after 12th Science| Biology| Medical|
-------------------------------------------------------------

üëâ You take the courses after any class, you must make sure that the courses which h you are taking, is up to the mark with your interest else that will be is useless.

üëâ students generally ask which are the best courses available after 12th science with Biology or with Mathematics. Most of the students who are having Biology in 12th standard, they ask questions about the courses available other than MBBS. We are providing career counseling material which will clear all of your doubts related to science with stream.
-------------------------------------------------------------

üëâ after 12th Biology-
#1- MBBS
#2- BDS
#3- BHMS
#4- BAMS
#5- B.Pharm
#6- B.Sc Nursing
#7- BPT
#8- BOT
#9- BUMS
#10- D.Pharm
#11- BMLT
#12- DMLT
#13- B.Sc

üëâüëâWhat to choose as a career after 12th Science is the biggest question that runs in every students mind. Parents too loose their peaceful sleep after their child clears 12th science board exam. Actually there are hundreds of options available to the students of 12th science stream. But without proper knowledge and guidance about the right option it does become difficult and confusing for both the students and their parents to select the suitable option for a bright career.
--------------------------------------------
üëâ‡§π‡§Æ‡§∏‡•á ‡§´‡•á‡§∏‡§¨‡•Å‡§ï  ‡§Æ‡•á‡§Ç ‡§ú‡•Å‡§°‡•á‡§Ç --
--------------------------------------------
üëç‡§Ü‡§™‡§ï‡•ã ‡§Ø‡•á Video ‡§Ö‡§ö‡•ç‡§õ‡•Ä ‡§≤‡§ó‡•Ä ‡§§‡•ã Please   & .
 --------------------------------------------
üëâS+U+B+S+C+R+I+B+E - PANDEY VITALüëáüëá

------------------------------------------------
Background music Credit- 

NirvanaVEVO by Chris Zabriskie is licensed under a Creative Commons Attribution license ()
Source: 
Artist: ",Science and Technology
37,5467HbUeWKY,10th BIOLOGY PART-1 || BIOLOGICAL SCIENCE 10th CLASS TM PART 1 || BIOLOGY STUDY MATERIAL IN TELUGU,"BIOLOGICAL SCIENCE 10th CLASS TM PART 1

USEFUL FOR TRT , TET , GROUPS , VRO....",Science and Technology
38,qL1wfnRwSbE,Biological science Model Paper-1 || For all competative Exams,#Biological_Science_Model_paper #Shineindia_RK Tutorial,Science and Technology
39,2qPO79j8-g,BIO SCIENCE OR PURE SCIENCE WHAT IS GOOD ? By Smart Teacher,BIO SCIENCE OR  PURE SCIENCE WHAT IS GOOD ?  this video help Madhyamik Student to Choose their subject .VERY VERY HELPFUL VIDEO FOR CLASS X STUDENT.,Science and Technology
40,dfR_gJQgdRk,Introduction to Biological Sciences Class 1,Introduction to biological sciences.,Science and Technology
41,ADiql3FG5i,Quantum Biology: The Hidden Nature of Nature,"Can the spooky world of quantum physics explain bird navigation, photosynthesis and even our delicate sense of smell? Clues are mounting that the rules governing the subatomic realm may play an unexpectedly pivotal role in the visible world. Join leading thinkers in the emerging field of quantum biology as they explore the hidden hand of quantum physics in everyday life and discuss how these insights may one day revolutionize thinking on everything from the energy crisis to quantum computers.

The World Science Festival gathers great minds in science and the arts to produce live and digital content that allows a broad general audience to engage with scientific discoveries. Our mission is to cultivate a general public informed by science, inspired by its wonder, convinced of its value, and prepared to engage with its implications for the future.

Subscribe to our YouTube Channel for all the latest from WSF.
Visit our Website: 
Like us on Facebook: 
Follow us on twitter: 

Original Program Date: June 1, 2012
MODERATOR: John Hockenberry
PARTICIPANTS: Paul Davies, Seth Lloyd, Thorsten Ritz

John Hockenberry's introduction 

Participant Introductions 

How is there a convergence between biology and the quantum? 

Are particles in two places at once or is this based just on observations? 

Are biological states creating a unique quantum rules? 

Quantum mechanics is so counterintuitive. 

Can nature have a quantum sense? 

The quantum migration of birds... With bird brains? 

Electron spin and magnetic fields. 

Cryptochrome releases particles with spin and the bird knows where to go. 

How is bird migration an example for evolution? 

photosynthesis and quantum phenomena. 

Bacteria doing quantum search. 

Is quantum tunneling the key to quantum biology? 

What are the experiments that prove this? 

When fields converge how do you determine causality? 

We have no idea how life began. 

Replication leads to variation which is the beginning of life? ",Science and Technology
42,BtdqqX-zYn,Studying Biological Sciences,"Biological Sciences is one of the largest subject areas within Bangor University and boasts its very own Natural History Museum, extensive marine and freshwater aquaria; as well as use of the University's Botanic Garden. 

Cutting-edge science is integral to our research programmes, and feeds through into the teaching environment. 

Bangor has a long tradition in teaching and research in the Biological Sciences. Research submitted by the School of Biological Sciences has been recognised as being within the top 20 in the UK in the Research Excellence Framework (REF 2014) and we have been awarded a Gold rating in the Teaching Excellence Framework. 

Bangor‚Äôs location makes it an ideal place to study biology ‚Äì the range of soil types, climate and topography provides numerous diverse habitats, all within easy reach for field-based studies.",Science and Technology
43,jBb349YY-,Web of Complex Biology - Science Documentary ‚úî,"Welcome!! ~ Feel free to Like & Subscribe ~
- Biology is a natural science concerned with the study of life and living organisms, including their structure, function, growth, evolution, distribution, identification and taxonomy. Modern biology is a vast and eclectic field, composed of many branches and subdisciplines. However, despite the broad scope of biology, there are certain general and unifying concepts within it that govern all study and research, consolidating it into single, coherent field. In general, biology recognizes the cell as the basic unit of life, genes as the basic unit of heredity, and evolution as the engine that propels the synthesis and creation of new species. It is also understood today that all the organisms survive by consuming and transforming energy and by regulating their internal environment to maintain a stable and vital condition known as homeostasis.

- For more interesting documentaries click ",Science and Technology
44,ZjDxQ84NRg,Best Career Options After 12th science in Hindi 2018| Career Guidance for 12th Biology Students 2018,"Are you a Bio-science student? Are you confused about the best career you can go for?? DO you wanna know which are the best career options for 12th Bio-science students/? If your answer is yes for all these queries, then you must watch this video. In this video, I‚Äôve mentioned how can you select a desired career for you and what are the course choice to opt for after 12th biology. 

Channel about:
 
Information Center is a hub of knowledge on various subjects including health, tech, jobs and career, success and motivation and lots more. 
----------------------------- 

Subscribe Information Center to get notified when any new video is uploaded on this channel.



For more videos check: 

You can Follow us on:
Twitter: 

Facebook page: 

Subscribe Information Center:


Also watch: 

6 Morning Habits Of Successful People | ‡§Ö‡§Æ‡•Ä‡§∞‡•ã‡§Ç ‡§ï‡•Ä 6 ‡§Ü‡§¶‡§§‡•á‡§Ç ‡§ú‡•ã ‡§ó‡§∞‡•Ä‡§¨‡•ã ‡§Æ‡•á‡§Ç ‡§®‡§π‡•Ä‡§Ç ‡§π‡•ã‡§§‡•Ä | 2018


How to get 90% Marks in 10th and 12th Board Exams in just 30 days | Study Planning | 2018


Creative Common Videos 2018 [UPDATED]
                                                                             

Download Instagram Videos and Photos with just 1 click | 2018


How to Protect Your Smartphone from Theft 2018 | ‡§Ö‡§™‡§®‡•á ‡§´‡§º‡•ã‡§® ‡§ï‡•ã ‡§ö‡•ã‡§∞‡•Ä ‡§π‡•ã‡§®‡•á ‡§∏‡•á ‡§ï‡•à‡§∏‡•á ‡§¨‡§ö‡§æ‡§è‡§Ç 


Why worry?? ‡§ö‡§ø‡§Ç‡§§‡§æ ‡§ï‡•ç‡§Ø‡•ã‡§Ç?? | Best Motivational video 2018


4 Best Education apps for kids 2018


‡§∞‡•á‡§≤‡§µ‡•á ‡§∏‡•á ‡§ú‡•Å‡§°‡§º‡•á ‡§ï‡•Å‡§õ ‡§ú‡§∞‡•Å‡§∞‡•Ä ‡§è‡§™‡•ç‡§™‡•ç‡§∏ 2018 | Best Railway Apps You Must Know 20
‡§∞‡•á‡§≤‡§µ‡•á ‡§∏‡•á ‡§ú‡•Å‡§°‡§º‡•á ‡§ï‡•Å‡§õ ‡§ú‡§∞‡•Å‡§∞‡•Ä ‡§è‡§™‡•ç‡§™‡•ç‡§∏ 2018 | Best Railway Apps You Must Know 2018





Upcoming searches:
Career options after 12th Science
Career Option In Science , 
What are the career options after 12th science PCB
Physics, chemistry, Bio career options after 12th
Courses after 12 th science other than engineering in Hindi 
12th Science (PCM/PCB) Ke Baad Best Courses
Career options after 12th maths Science
Career options after 12th arts
Career options after 12th Commerce
Best Career options after 12th
What to do After 12th Science
12th result
12th class ke baad kya karen
What are good careers after 12th in science?
high salary courses after 12th science
career options after 12th science pcm
after 12th science courses list
career options after 12th science pcm other than engineering
courses after 12th science biology
career options after 12th science pcb
career guidance after 12th in hindi
best career options after 12th pcm for girl",Science and Technology
45,2t5fXLWug,2 AP BIOLOGY PRC LET EXAM REVIEW SERIES,Part 2 of online review series!,Science and Technology
46,U55385Cr4,HOW TO QUALIFY IIT - JAM BIOLOGICAL SCIENCE / BIOTECH,"Interview by M. Tejaswani, Venkateshwara College, Delhi University. She secured 14th Rank in IIT - JAM 2017. She was a student of Grassroots Academy, Delhi, a premier coaching for IIT JAM BIOTECH, CSIR NET LIFE SCIENCES.",Science and Technology
47,XBc-XA1JEq4,"The Fundamental Unit of Life - Class 9 Biology, Science | Digital Teacher","Digital Teacher ‚Äì In this section, we are going to learn about the basic structural unit of an organ, cell and its functions.  Know more http://www.digitalteacher.in/
Download our digital teacher learning app: 

For more videos! SUBSCRIBE to the Digital Teacher channel: ",Science and Technology
48,M8bClcHi2,Blood circulation and heart beat in human body in 3D ‚Äìbiology -science ‚Äì iDaalearning.com,"http://www.idaalearning.com/ 
Let's learn the direction of blood flow.
The superior and inferior vena cava are the blood vessels which carry carbon dioxide rich blood from the different body parts to the right atrium and right ventricle. 
From here, this blood goes to the lungs via pulmonary artery for purification. 
In the lungs there is exchange of gases and the oxygen rich blood from here travels to the heart again through pulmonary vein. 
The oxygen rich blood reaches the left atrium and left ventricle. 
From here the aorta and the other arteries carry oxygen rich blood to the body parts and the cycle begins all over again.",Science and Technology
49,GoGRntWrX1A,LET (BLEPT) - GEN ED AND BIOLOGICAL SCIENCE - MACROMOLECULES,,Science and Technology
50,jLqNcHykpjY,DSC 2018 official key school assistant biological science,dsc 2018 official key school assistant biological science,Science and Technology
51,IfozsnxWrX,BIOLOGY BITS IN TELUGU | BIOLOGICAL SCIENCE PRACTICE BITS - 1,"BIOLOGICAL SCIENCE PRACTICE BITS - 1 

USEFUL FOR TRT , TET , GROUPS , VRO....",Science and Technology
52,g0szToeCA,West Bengal School service Exam/Slst Biological science Syllabus/zoology,"WB ssc conduct SLST & Biology Hons/pG category is included 3 fields of Biology...Zoology , Botany , physiology..You should give the answer from all of this zones
In this tutorial I have described ZOOLOGY syllabus..what you will  read & from where you will find this topics..
Biology books-",Science and Technology
53,K4CKmYSMT_0,Biology Before Darwin: Crash Course History of Science #19,"You‚Äôve probably heard of Charles Darwin, but before we get to him, you really need to understand how different people, throughout the seventeenth and eighteenth centuries, tried to answer the same question: ‚Äúwhat is life?‚Äù 


***

Crash Course is on Patreon! You can support us directly by signing up at 

Thanks to the following Patrons for their generous monthly contributions that help keep Crash Course free for everyone forever:

Mark Brouwer, Erika & Alexa Saur Glenn Elliott, Justin Zingsheim, Jessica Wode, Eric Prestemon, Kathrin Benoit, Tom Trval, Nathan Taylor, Divonne Holmes √† Court, Brian Thomas Gossett, Khaled El Shalakany, Indika Siriwardena, SR Foxley, Sam Ferguson, Yasenia Cruz, Eric Koslow, Caleb Weeks, Tim Curwick, D.A. Noe, Shawn Arnold, Ruth Perez, Malcolm Callis, Ken Penttinen, Advait Shinde, William McGraw, Andrei Krishkevich, Rachel Bright, Mayumi Maeda, Kathy & Tim Philip, Jirat, Eric Kitchen, Ian Dundore, Chris Peters
--

Want to find Crash Course elsewhere on the internet?
Facebook - 
Twitter - 
Tumblr -  
Support Crash Course on Patreon: 

CC Kids: ",Science and Technology
54,PqPHCe5UB8,A week in the life of a Biological Sciences Student at Lancaster University,"Digital Content Ambassador Charlotte is currently studying Biological Sciences with Biomedicine at Lancaster University

Follow her throughout week 9 to get an idea of what a week in the life as a student studying within BLS is like! 

The music is from  and Jingle Bells Kevin Macleod (incompetech.com), licensed under Creative Commons: by attribution 3.0 license, ",Science and Technology
55,StKDBe4soaU,Biological Sciences | University of East Anglia (UEA),The School of Biological Sciences is a vibrant and friendly academic community firmly embedded in the internationally renowned Norwich Research Park. It boasts extensive state-of-the-art research facilities as well as modern teaching laboratories. ,Science and Technology
56,k8hE2CG5v3,All about IIT JAM Biological Sciences & Bio-Technology,"What is IIT-JAM ?
JAM 2019 (Joint Admission Test for M.Sc) is a Gate to various professional courses such as M.Sc (2 years), M.Sc-PhD, M.Sc-M.Tech, Joint M.Sc-PhD, and many other Bachelor degree courses. Various IITs & IISc conduct this national level examination of JAM in the rotation. JAM is held in the month of February every year. The interested applicants can check out the important details of JAM 2019 from this article given below.

What is Special about IIT-JAM Coaching in Venper Academy ?
- Subject wise unit expert faculty
- Combination of eminent professors, IIT-JAM and IIT
- Comprehensive study material developed by experienced R & D team of Venper Academy
- Thoroughly revised, updated, focused and relevant to exam
- Well equipped classroom, clean & inspiring environment
- Comprehensive coverage of syllabus
   a) Basic level to advanced level
   b) Fresher‚Äôs can easily understand
   c) Emphasis on fundamental concepts
   d) More than 500 teaching hours
- Regular Assessment of performance
   a) Unit wise classroom tests followed discussion
   b) IIT JAM classroom series
   c) Examination environment exactly similar to IIT-JAM & M.Sc Entrance
- Timely completion of syllabus
- Well designed course curriculum
- Syllabus completion much before the examination date


Website: 
Venper Free MCQ Practice App: 
Facebook: 
Twitter: 
Linkedin: 

Contact:
Telephone: 044 48538333
Mobile: 9841518333
E-Mail: admission@venperacademy.com",Science and Technology
57,ifZV5xg2KD,TREIRB TGT BIO Science EXPECTED Cuttoff Zone VI|| tstimes,"ASO/MPSO Results :
https://youtu.be/FYIybGcDQ8U
HWO GRL :

TS PC & SI Current affairs :

Another Teacher notification in ts :

TREIRB TGT Bio Science Exp Cuttoff :
    ",Science and Technology
58,quKbKbel,IIT JAM Biological Science syllabus 2018-19,,Science and Technology
59,Y3LuFuefMxY,13 Main Branches of Biology - Biology (General Science) FPSC / CSS in Hindi / Urdu,"Study 13 Branches of Biology - Biology (General Science) FPSC / CSS / Matric / Intermediate Class / 9 Class Biology / FSC / O Level / A Level in Hindi / Urdu.
Download my Notes in pdf  :  

Branches included are:
main branches of biology,biology branches,biology,branches of biology,9th class biology,science,biology branches in urdu,biology branches definitions,class 9 icse branches of biology,fsc part 1,9th class biology chapter 1,biology introduction chapter 1,zoology,botany,brances of biology,urdu lectures,drirfanlectures,ilmkidunia,maktab.pk,class 9 icse,biology branches pdf,biology branches of science,education,css


- - - - - - - - - - - - - - - - - - - - - - - - - - - - - - - - - - - - - - - - - - - - - - - - - - - - - - - - -
Learn Biology with dr irfan lectures. This includes all biology basic concepts, cell, enzymes, algae, fungi, 5 kingdoms, phylum, organ systems including digestive system, circulatory system, nervous system, respiratory system, environmental biology, biomolecules, homeostasis, human heart and many more topics.

Note: All Lectures are recorded for students on the current curriculum of study for Biology book.


‚ñ∫ Website : 
‚ñ∫  Facebook : 
‚ñ∫  Twitter : 
‚ñ∫  Google+ : 

Subscribe my channel for more great lectures.


Like , Comment and Share videos with your friends and relatives to support us.

Thanks for Watching

-~-~~-~~~-~~-~-
Please watch: ""7 Effective ways for English Vocabulary Developement for Everyone"" 

-~-~~-~~~-~~-~-",Science and Technology
60,HyFuW9jVo9,Life Processes: What is the Importance of nutrition? : Class 10 Science Biology,"Life Processes: What is the Importance of nutrition? : Class 10 Science Biology

Hello students, here in this video we are going to learn the topics such as, what is nutrition, Needs of nutrition, modes of nutrition, autotrophic mode, heterotrophic mode, carnivores, herbivores and omnivores, the structure of leaf and stoma.

What are Life Processes?

Life Processes - Life processes are the processes going inside living organisms to sustain life. 
For example, Reproduction, Excretion, Respiration, and Growth.

Properties of Living Beings Compared to Non-Living.
- Movement
- Grow
- Need Food
- Excrete
- Respiration
- Reproduce

Nutrition - The process of taking food inside the body and converting it into smaller molecules which can be absorbed by the body is called Nutrition.

The need for nutrition: Nutrition is needed to provide energy for doing any activity and provide essential nutrients for life processes.
Nutrients: Materials which provide nutrition to organisms are called nutrients.

Types of Nutrients ‚Äì 
- Carbohydrates
- Fats
- Proteins
- Vitamins
- Minerals

All the above-mentioned topics are described in an interactive and efficient manner so that the students could easily understand them.

For more information please visit: 
Call us at - 8287971571 or 0261-4890016

DronStudy official website: 

Class 10 Science Video Lectures: 

Class 10 Science Full Course: 

  ",Science and Technology
61,fykyC8m4eq4,Biological Science Question 86-100 ‡•§ MANUU B.Ed Entrance Test - 2017 ‡•§ RizwanZahir ‡•§ Part 3/3,"Maulana Azad National Urdu University Hyderabad,
B.Ed Entrance Test - 2017
Biological Science ÿ≠€åÿßÿ™€åÿßÿ™€å ÿ≥ÿßÿ¶ŸÜÿ≥ question
Question 86-100


Manuu B.Ed Question, D.El.Ed Question Paper, M.Ed Question Papers, MANUU Entrance Test, MANUU Admission Notification
Subscribe my YouTube Channel RizwanZahir 
.20",Science and Technology
62,OIjomtSRoJ4,OAT Test Prep - Biological Sciences Study Guide,"‚ñ∫OAT Study Guide: http://www.oatsecrets.com/
‚ñ∫OAT Flashcards: http://www.flashcardsecrets.com/oat/

Alkanol Reactions 
Antibodies 
DNA 
Enzymes 
Genes 
Kingdom Animalia 
Kingdom Fungi 
Meiosis 
Mitochondria 
Mitosis 
Nucleic Acids 
Photosynthesis 
Plasma Membrane 
Proteins 
RNA 
Viruses 
Catenation 
Combustion 
Dehydration 
Hypertension 
Ligaments 
Nervous System 
Pulse 
Amino Acids 
Carbohydrates 
Electromagnetic Spectrum 
Lipids 
Mechanical Advantage 
Molecules 
Organic Compounds 
Paper Chromatography 
pH 
Physical Properties of Alcohols 
Physical Properties of Organic Acids 
Polymers 
Sulfur 
Stress 
Sweat Glands 
The Eye 


For your convenience, we have compiled several OAT biological science videos into OAT Test Prep - Biological Sciences Study Guide for you to study all at once.

‚ñ∫OAT Science: 
‚ñ∫OAT Reading: 
‚ñ∫OAT Quantitative: 

‚ñ∫How to pass OAT test: 

‚ñ∫OAT Biology Practice Test: 

‚ñ∫OAT Flashcard Study System: OAT Exam Practice Questions & Review for the Optometry Admission Test: ",Science and Technology
63,2o8LDbsZOh0,"The Biology Major - Careers, Courses, and Concentrations","The biology major is a great major for students interested in a variety of career paths including medicine, health care, research, consulting, sales and much more. 

This video goes over what you can do with your Biology degree, what classes you will take and will learn about the different Biology concentrations.

This video goes over exactly what you can expect as a Biology major and includes some of the basic courses you take, the concentrations you can focus on, and most importantly how you can use this major for your future career.

***************************************************

‚ñ∫ For more information on math, science, and engineering majors, check us out at 

***************************************************

‚ñ∫ Patreon: 
‚ñ∫ PayPal: 
‚ñ∫ Facebook: ",Science and Technology
64,k5jDI_YIc4,Careers in Biological Sciences,University of Leeds students and staff discuss opportunities at a recent careers fair.,Science and Technology
65,EVCMP2E8a1M,IIT JAM 2015 BIOLOGICAL SCIENCE | SOLUTION OF 3 NAT QUESTIONS | ONLINE BIOLOGY,"IIT JAM 2015 BIOLOGICAL SCIENCE | SOLUTION OF 3 NAT QUESTIONS | ONLINE BIOLOGY

In this video I have solved 3 Numerical answer type questions from IIT JAM 2015 Biological Science. So Check it out......

If you like this video please hit the like button, Share this video with your friends, Comments below and don't forget to subscribe and press the bell icon...

Watch More...
[SET 4] 10 MODEL QUESTIONS FOR IIT JAM 2018 BIOLOGICAL SCIENCE PREPARATION


IIT JAM 2017 CUT OFF BIOLOGICAL SCIENCE & BIOTECHNOLOGY- Online Biology


SM Biology Class: This Youtube channel is all about biological science....here you will be informed about all Biology entrance exam like IIT JAM, JGEEBILS, CSIR NET, BET(DBT JRF), GATE, ICMR JRF, IISc, JNU etc. and you will learn various topics related to Biology.......So let's learn Biology...

Please Click here to subscribe...


Link of FB Page....",Science and Technology
66,YGM3y6rZz0,Careers After Biological Sciences - Shiraz,"Shiraz Makda is a Foundation Year One Doctor. He studied Medical Biochemistry, one of a suite of Biological Sciences degrees available at the University of Leicester, before pursuing a five year Medicine programme also at the University of Leicester.

In this short video Shiraz talks about his experiences since completing his original degree and offers some advice to people thinking of following a similar route into postgraduate medicine.

This video is part of the Careers After Biological Sciences at Leicester initiative (CABS). Started in 2007, CABS aims to demonstrate the variety of careers that can be pursued after completion of a degree in the biosciences.

For more information about Careers After Biological Sciences see  for more information about studying Biological Sciences at the University of Leicester see  and for more information about the University of Leicester see 

This film was produced by Marketing and Student Recruitment, University of Leicester.

Filmed & Edited by Carl Vivian
Produced by Dr Chris Willmott

This film was shot in 2009 so always check the University of Leicester webpages for latest information and up-to-date terms and conditions ",Science and Technology
67,qCWzgClmLh0,"Biological Science, B.S. at Biola University","Biological science is the study of living systems. In Biola's biological science program, you will acquire the knowledge and develop the skills that will allow you to study and appreciate God's creation at the organismal and biomolecular level, preparing you for a range of health-related careers.

Explore more at ",Science and Technology
68,0BQRjK6iVz8,Learning at the School of Biological Sciences,"Queen's University Belfast's School of Biological Sciences offers prospective students a vast array of pathways and teaching from passionate and leading edge lecturers and researchers, providing  practical experience in state of the art labs as well as built in industry opportunities.",Science and Technology
69,Kx3J6s0Vb0,IIT JAM 2019 BIO-SCIENCE SOLUTIONS,"This video discusses the solution of IIT JAM 2019 biological science covering mathematical questions.

Adhayayan shala brings the Msc Du entrance book of Delhi university and South asian university 2019 covering the detailed solutions of previous year question paper of msc du entrance

For any Doubt/query , viewer can mail at adhyayanshala001@gmail.com",Science and Technology
70,rCGvYnUnUg,Biological Sciences BSc - Imperial College London,"The Biological Sciences BSc at Imperial College London will teach you about Life: from molecules and cells, right through to organisms and global ecosystems. With state of the art facilities and mentorship from world class researchers, you‚Äôll be learning at the cutting edge of the subject. Whether you‚Äôre interested in using stem-cell therapies to treat cancer, making new biofuels in plants, dealing with global climate change, or genetically modifying mosquitoes to eradicate malaria, then the Imperial College BSc in Biological Sciences is the place for you. *Apply now for 2018 entry!

To find out more please visit 

Animation by Sam Wool
Film Produced by Geoff Marsh

Special thanks to:

Journecology
Drew Berry and The Walter and Eliza Hall Institute: for DNA animation.
Dr. Andy Aldersley, Actor Lab: for mosquito footage.
All of the current ICL students for featuring in this film",Science and Technology
71,X97MXASsDu4,MY OXFORD INTERVIEWS 2017 Vlog! üôà (Biological Sciences),"Hey guys!! This video is a vlog of my Oxford interviews at Brasenose college and Magdalen College Oxford 2017 for Biological Sciences! The build up was v scary, especially as I didn't know what to expect, so I hope this will help anyone hoping to apply with how to do well at the interviews and to chill more ‚ù§Ô∏è
------------------------------
Hi my name is Jade and welcome to UnJaded Jade! I post every Wednesday abut varying topics I truly care about, from self confidence and veganism, to academic help and motivation üíõ
-------------------------------
How old are you? - 17
What camera do you use? - Canon 750D
When did you start your channel? - 17th Feb 2017

P.S i love u. so much. thank you for finding me and for being here and for gifting me your time. you are so loved.",Science and Technology
72,Iv0Irze0,Biological Sciences M121. Immunology with Hematology. Lecture 02. The Immune System & Host Defense,"UCI BioSci M121: Immunology with Hematology (Fall 2013)
Lec 02. Immunology with Hematology -- The Immune System & Host Defense --
View the complete course:

Instructor: David A. Fruman, Ph.D.

License: Creative Commons CC-BY-SA
Terms of Use: . 
More courses at 

Description: UCI BioSci M121 covers the following topics: Antibodies, antigens, antigen-antibody reactions, cells and tissues of lymphoreticular and hematopoietic systems, and individual and collective components of cell-mediated and humoral immune response.

Recorded on September 30, 2013

Required attribution: Fruman, David. Immunology with Hematology M121 (UCI OpenCourseWare: University of California, Irvine), . [Access date]. License: Creative Commons Attribution-ShareAlike 4.0 United States License. ().",Science and Technology
73,GmJIVmN8K7Q,Careers after Biological Sciences - James,"Dr. James Lonnen is the Commercial Laboratory Director in the Department of Infection, Immunity and Inflammation at the University of Leicester. He studied Biological Sciences (Microbiology), one of a suite of Biological Sciences degrees available at the University of Leicester, and graduated in 2000. In this short video James talks about his career path since completing his original degree and offers some advice to undergraduate students.

Since 2000 James has spent 2 years in a technical sales job for the water treatment company Nalco. He has spent a year as research technician at the University of Leicester and completed a PhD in Molecular Biology, also at the University of Leicester. His current post involves disinfectant and drug efficacy testing against microorganisms, in particular the testing of contact lens disinfecting solutions against bacteria, fungi, virus and Acanthamoeba according to ISO 14729. Also, the isolation and identification of pathogenic free-living amoeba and bacteria from water, environmental and clinical samples.

For more information about Dr James Lonnen and the University of Leicester Commercial Amoebae Laboratory see 

This video is part of the Careers After Biological Sciences at Leicester initiative (CABS). Started in 2007, CABS aims to demonstrate the variety of careers that can be pursued after completion of a degree in the biosciences.

For more information about Careers After Biological Sciences see  

For more information about studying Biological Sciences at the University of Leicester see  

This film was produced by Marketing and Student Recruitment, University of Leicester.

Filmed & Edited by Carl Vivian
Produced by Dr Chris Willmott

This film was shot in 2010 so always check the University of Leicester webpages for latest information and up-to-date terms and conditions ",Science and Technology
74,Y6hiCHFvrr,Integrated MSC -PhD in Biological Sciences at NMIMS Sunandan Divatia School of Science,Sunandan Divatia School of Science of NMIMS Univ. offers Integrated M.Sc. PhD at its Mumbai Campus,Science and Technology
75,dDWMkMd7QXU,Biological Science - ÿ≠€åÿßÿ™€åÿßÿ™€å ÿ≥ÿßÿ¶ŸÜÿ≥ ‡•§ MANUU B.Ed Entrance Test (R) ‡•§ RizwanZahir ‡•§ Q. 71-85 ‡•§ P-2/3,"Maulana Azad National Urdu University,
B.Ed Entrance Test Regular Mode Question 2018
#RizwanZahir #MANUU #Urdu


Subscribe my YouTube Channel RizwanZahir ",Science and Technology
76,TkN7-k--N30,"The National Centre for Biological Sciences (NCBS) - Bangalore, India","The National Centre for Biological Sciences (NCBS), located in Bangalore, is part of the Tata Institute of Fundamental Research. The mandate of NCBS is fundamental research in the frontier areas of biology. Our research interests range from the study of single molecules to ecology and evolution. Along with inStem and C-CAMPwe form the Bangalore Bio-Cluster, bringing together fundamental research, translational studies, and technology development.",Science and Technology
77,ilJ0pnyL-0U,Careers at NWRC: Biological Science Technician Utah,,Science and Technology
78,1zELtYKDemA,University of Alberta Biological Sciences Graduate Studies,The University of Alberta Faculty of Science offers graduate students the opportunity to study with some of the world's best research scientists. The award-winning faculty and superb research facilities in the Department of Biological Sciences will prepare students for success in their academic journey and beyond.,Science and Technology
79,z1xCAX4hrfE,Top 5 books for IIT JAM Biotechnology and Biological sciences,"All the books I talked about in this video is available in Amazon, If interested then please checkout
https://www.amazon.com/shop/arpanpari...",Science and Technology
80,8619dMdFEQk,Biological Sciences: Undergraduate Degrees at University of Leeds,"As new techniques for studying molecules and cells are rapidly increasing our understanding of living organisms, this is a very exciting time to study Biological Sciences.

Biological Sciences brings together subjects including genetics, biochemistry, microbiology and cell biology, giving you knowledge and skills vital in battling global challenges such as cancer, ageing and food security.

Find out what it‚Äôs like to study Biological Sciences: ",Science and Technology
81,Xwu0cKjPGXY,Studying Biological & Biomedical Sciences at Durham University,Watch this short video about studying at Biological & Biomedical Sciences at Durham University.,Science and Technology
82,9Z0jP2u_pYg,Biological and Biomedical Science at Deakin,"The Bachelor of Biological Science provides you with a wide range of units in biology, including animal diversity, plant biology, genetics, physiology and evolution. You will learn in a modern teaching environment and gain hands-on experience by participating in laboratory and project work.

The Bachelor of Biomedical Science is a vibrant, relevant and topical course that covers the science underpinning medical applications, from basic biology to specific disease processes. Students gain the theoretical foundation and scientific skills to expand and apply their knowledge of human biology and health, with an emphasis on causes, diagnosis and treatment of disease at the molecular, cellular and system levels. 

For more information on either biological or biomedical science visit: ",Science and Technology
83,G4_Tzvgv4h4,"Biological Science, Secondary Instruction, B.S. at Biola University","The mission of the Biological Sciences: Secondary Instruction Program at Biola University is to provide an academically stimulating and challenging environment for intellectual and spiritual growth, preparing students to pursue careers as teachers to make an impact as educators in the secondary classroom.

Explore more at ",Science and Technology
84,UCeHzVroyI,BSc Biological Sciences -- School of Biosciences,Undergraduate student Tim talks about his experiences on the BSc Biological Sciences course. Tim was invited to be part of the University Senate and to have his say in the running of the University of Birmingham.,Science and Technology
85,PEDgWLys4NE,Biological Sciences (Bachelor of Science Degree),"The Biological Sciences degree program is designed to stimulate intellectual and personal growth through an examination of the fundamental properties of living systems, the application of experimental and descriptive methods of discovery, and the consideration of the social, ethical, and aesthetic aspects of biological knowledge. Both the rigor and flexibility of the program will help students enter employment or post-baccalaureate studies with a competitive advantage, while allowing students to choose an individualized course of study with an emphasis in Ecology and Environment, Cellular and Molecular Biology, or Pre-Professional Studies.",Science and Technology
86,CUVHNXbL_Eg,SCIENCE BIOLOGY GK - HUMAN BODY/ ‡§Æ‡§æ‡§®‡§µ ‡§∂‡§∞‡•Ä‡§∞ ‡§∏‡•á ‡§∏‡§Æ‡•ç‡§¨‡§Ç‡§ß‡§ø‡§§ ‡§™‡•ç‡§∞‡§∂‡•ç‡§® - SSC CGL CHSL BANK GROUP-D BSSC JSSC,"SCIENCE BIOLOGY GK - HUMAN BODY/ ‡§Æ‡§æ‡§®‡§µ ‡§∂‡§∞‡•Ä‡§∞ ‡§∏‡•á ‡§∏‡§Æ‡•ç‡§¨‡§Ç‡§ß‡§ø‡§§ ‡§™‡•ç‡§∞‡§∂‡•ç‡§® - SSC CGL SSC CHSL BANK  ALP GROUP-D  BSSC JSSC/MPSSC CGSSC UPSSC RJPSC UP POLICE BIHAR POLICE DELHI POLICE SUB INSPECTOR EXAM S.I. EXAM CDPO EXAM/BPSC JPSC MPPSC/UPPSC CGPSC RJPS CGPSC CDS CPO AND ALL OTHER EXAM

SCIENCE GK - HUMAN BODY/ ‡§Æ‡§æ‡§®‡§µ ‡§∂‡§∞‡•Ä‡§∞ ‡§∏‡•á ‡§∏‡§Æ‡•ç‡§¨‡§Ç‡§ß‡§ø‡§§ ‡§™‡•ç‡§∞‡§∂‡•ç‡§® - SSC CGL CHSL BANK RAILWAY GROUP-D BSSC JSSC CPO CDS : ISS VIDEO ME AAP HUMAN BODY KE SAARE IMPORTANT QUESTIONS KO DEKH PAYENGE.

(1) Railway NTPC + GROUP D 2019 e-book only 35 ‚Çπ in (hindi) üëá 
‡§∞‡•á‡§≤‡§µ‡•á ‡§ï‡•Ä ‡§∏‡§≠‡•Ä ‡§™‡§∞‡•Ä‡§ï‡•ç‡§∑‡§æ‡§ì‡§Ç ‡§ï‡•Ä ‡§§‡•à‡§Ø‡§æ‡§∞‡•Ä ‡§ï‡•á ‡§≤‡§ø‡§Ø‡•á ‡§Æ‡§æ‡§§‡•ç‡§∞  ‚Çπ 35 ‡§Æ‡•á‡§Ç e-book ‡§â‡§™‡§≤‡§¨‡•ç‡§ß üëá 



(2) NTPC & Group D Suggestion 2019 in (English)üëá



For any Query please contact- 9735094360 



---- Others Related Videos Link ----

Human Body Question --  

Human Body Question --  

Human Body Question --  


Sciene related other video Link---------


Top Science Question ---- 

Top  Science Question ---  

Top Science Question --- 

Top Science Question ---  

Top Science Question ---  

Top Science Question ---  

Top Science Question ---  

Top Science Question ---   

Nipah Virus ---  

Top Science Question --  

Top Physics Question --  

Top Science Question --  

Top Science Question --  

Top Science Question -- 

Top Science Question --  

Top Science Question --  

Top Sciene Question -- 

Human Body Science Question -- 

Class 7 Base and Salts Chemistry -- 

Acid, Bases and Salts Class 7 --   

Environmental Ecosystem Science -- 

General Science Question --  

‡§Æ‡§æ‡§®‡§µ ‡§∂‡§∞‡•Ä‡§∞ ‡§ï‡§æ ‡§Æ‡§π‡§§‡•ç‡§µ‡§™‡•Ç‡§∞‡•ç‡§£ ‡§™‡•ç‡§∞‡§∂‡•ç‡§® -- 

Top Science Question --  

Top Science Question --  

Top Science Question --  

Human Body Question -- ",Science and Technology
87,i2ixBFtakWk,Study Biological Science with our four specialist pathways,"Find out more about our BSc (Hons) Biological Science degree and the four specialist pathways we offer as part of this course, ecology and event management, genomics, pharmacology and pre-med. Whatever area of the biological sciences you're interested in, this degree has the scope and flexibility to support your development.",Science and Technology
88,Hv4BgjCqSZQ,Curriculum Planning: Science: Biological Science,"Have you applied for, or been accepted for a Bachelor of Science and don‚Äôt know what your courses will be?
We've made it easy to help you understand more about the programme that you have chosen as well as how to go about selecting your courses. 
An Academic Advisor will explain and demonstrate how to decide on the courses. 
Knowing which courses to choose will help you when you register.

For registration information, visit: ",Science and Technology
89,XKnen-xNl08,Arjun - BSc. Biological Sciences,,Science and Technology
90,rAJGnS_ktk4,GCSE Science Biology (9-1) Photosynthesis,"Find my revision workbooks here: https://www.freesciencelessons.co.uk/...

In this video, we look at photosynthesis. We start by looking at the word equation and then the formulas of all the molecules involved. We then explore the idea of limiting factors. 

Image credits:

White dead nettle By Phil Sellens from East Sussex - White Dead-nettle (Lamium album), CC BY 2.0, 

Seedling By Toranks - Own work, CC BY-SA 3.0, 

Lilac plant leaves Public Domain, 

Variegated leaf By Taken by Fanghong - Own work, CC BY-SA 3.0, 

Music credit:

Deliberate Thought by Kevin MacLeod is licensed under a Creative Commons Attribution licence ()
Source: 
Artist: ",Science and Technology
91,f46AmcjLPY,"Ananda Goldrath, Biological Sciences at UC San Diego","One of the things Ananda Goldrath, a professor of biology at UC San Diego, does while teaching students is convey the importance and excitement of basic research. And one of the unexpected rewards is having them come back and describe how it‚Äôs impacted their lives. ‚ÄúI'll hear from a student who's in Africa helping to vaccinate young children and will be thinking about something we talked about in my immunology class,‚Äù she says, ‚Äúand I can't tell you how rewarding and exciting that is.‚Äù ",Science and Technology
92,fl_-Y5eh9HI,Biological Science - ÿ≠€åÿßÿ™€åÿßÿ™€å ÿ≥ÿßÿ¶ŸÜÿ≥ ‡•§ MANUU B.Ed Entrance (R)-2018 ‡•§ RizwanZahir ‡•§ Q. 86-100 P-3/3,"Maulana Azad National Urdu University, Hyderabad
B.Ed Entrance Test Regular Mode Question 2018

  


Subscribe my YouTube Channel RizwanZahir ",Science and Technology
93,jq6AR55jPHM,Biological Sciences at the University of Leicester,"In this video you will hear from one of our students, Chloe, about her experience of studying Biological Sciences at the University of Leicester. 

To find out more about our Biological Sciences courses, visit:  

To meet our staff and current students, and to find out more about the University, book onto one of our Open Days: 

Please note: this film was produced in 2017. Make sure to check the University of Leicester website for the most up-to-date terms and conditions: www.le.ac.uk",Science and Technology
94,HJWITkZLT,MOST IMP BIOLOGY BITS IN TELUGU/ GENERAL AWARENESS BITS FOR ALL GOVT JOBS,"MOST IMP BIOLOGY BITS IN TELUGU/ GENERAL AWARENESS BITS FOR ALL GOVT JOBS
OUR NEW YOUTUBE CHANNEL IN ENGLISH( ANR TUTORIAL ENGLISH) .PLZ SUBSCRIBE THIS CHANNEL ALSO. AFTER SUCCESSFUL SUBSCRIPTION YOU WILL GET  VIDEO NOTIFICATIONS) ENGLISH APTITUDE, REASONING , GS VIDEOS FOR ALL GOVT JOBS .CHANNEL LINK IS


MENSURATION IN ENGLISH VIDEO LINKS ARE


MENSURATION PART-2 ENGLISH(OUR NEW CHANNEL PLZ SUBSCRIBE)

VIDEO-6 LINK


VIDEO-7 LINK


VIDEO-8 LINK",Science and Technology
95,XODIMh8V,Biological Science Career Overview,http://www.citytowninfo.com/employmen... Interested in becoming a biological scientist? Watch this video to learn what careers in biological science are really like. Provides an overview of the day to day working life of a biological scientist.,Science and Technology
96,CyrbsRYgR,Biological science Model Paper - 4 || For all competative Exams,#Biology_Model_Paper4 #Shineindia_Rktutorial,Science and Technology
97,VpqY0SKC5A,What career pathways can a School of Biological Sciences degree lead to?,"Not all scientists wear lab coats. Meet Georgina Rae, BCom/BSc, PGDipSci, MSc, PhD in Biological Sciences.

‚ÄúI love understanding why everything is the way it is‚Ä¶that‚Äôs why I love science.‚Äù

Find out more about our science programmes at ",Science and Technology
98,rAyc3Nzl1XI,GURUKULAM (Mains) || Biological Science Pedagogy Curriculam || LIVE SESSION With B. karuna,"SoFTNET MANA TV GURUKULA UDYOGA GUIDE Coaching Class on GURUKULAM (Mains) || Biological Science Pedagogy Curriculam  || LIVE  INTERACTIVE SESSION  With B. karuna

Subscribe: 
Watch On: .",Science and Technology
99,2zJFaviHA,TS GURUKULA PGT BIOLOGICAL SCIENCE EXPECTED CUT OFF MARKS 2018 || PGT BIO SCIENCE MERIT LIST 2018,"HI FRIENDS
welcome to our you tube Chanel  Nfornitya Chanel

about this video..
TS GURUKULA PGT BIOLOGICAL SCIENCE EXPECTED CUT OFF MARKS 2018 ||  PGT BIO SCIENCE MERIT LIST 2018 ||
pgt ‡∞Æ‡∞æ‡∞∞‡±ç‡∞ï‡±ç‡∞∏‡±ç ‡∞®‡∞æ‡∞ï‡±Å ‡∞™‡∞Ç‡∞™‡∞Ç‡∞°‡∞ø ‡∞∏‡∞¨‡±ç‡∞ú‡±Ü‡∞ï‡±ç‡∞ü‡±Å wise ‡∞ï‡±ä‡∞Ç‡∞¶‡∞∞‡±Å ‡∞™‡∞Ç‡∞™‡∞æ‡∞∞‡±Å ..‡∞ï‡∞ü‡±ç ‡∞Ü‡∞´‡±ç ‡∞é‡∞≤‡∞æ ‡∞â‡∞Ç‡∞ü‡±Å‡∞Ç‡∞¶‡±ã ‡∞µ‡±Ä‡∞°‡∞ø‡∞Ø‡±ã ‡∞ö‡±á‡∞∏‡±ç‡∞§‡∞æ‡∞®‡±Å ...thank you ..
TELANGANA GURUKULA TGT &PGT MERIT LIST- 2018 LATEST INFORMATION ||‡∞ó‡±Å‡∞∞‡±Å‡∞ï‡±Å‡∞≤ ‡∞∏‡±ä‡∞∏‡±à‡∞ü‡±Ä TGT ,PGT RESULT ..
TREIRB || TELAANGANA GURUKULAM RESULT -2018

gurukula tgt and pgt merit list-2018 ||
ts gurukula pgt tgt final key -2018 ||
gurukula tgt and pgt final result -2018

treirb results gurukula society tgt /pgt selection list..

panchayathraj secretary cut off marks............


pgt ‡∞Æ‡∞æ‡∞∞‡±ç‡∞ï‡±ç‡∞∏‡±ç ‡∞®‡∞æ‡∞ï‡±Å ‡∞™‡∞Ç‡∞™‡∞Ç‡∞°‡∞ø ‡∞∏‡∞¨‡±ç‡∞ú‡±Ü‡∞ï‡±ç‡∞ü‡±Å wise ‡∞ï‡±ä‡∞Ç‡∞¶‡∞∞‡±Å ‡∞™‡∞Ç‡∞™‡∞æ‡∞∞‡±Å ..‡∞ï‡∞ü‡±ç ‡∞Ü‡∞´‡±ç ‡∞é‡∞≤‡∞æ ‡∞â‡∞Ç‡∞ü‡±Å‡∞Ç‡∞¶‡±ã ‡∞µ‡±Ä‡∞°‡∞ø‡∞Ø‡±ã ‡∞ö‡±á‡∞∏‡±ç‡∞§‡∞æ‡∞®‡±Å ...thank you ..
TELANGANA GURUKULA TGT &PGT MERIT LIST- 2018 LATEST INFORMATION ||‡∞ó‡±Å‡∞∞‡±Å‡∞ï‡±Å‡∞≤ ‡∞∏‡±ä‡∞∏‡±à‡∞ü‡±Ä TGT ,PGT RESULT ..
TREIRB || TELAANGANA GURUKULAM RESULT -2018

gurukula tgt and pgt merit list-2018 ||
ts gurukula pgt tgt final key -2018 ||
gurukula tgt and pgt final result -2018

treirb results gurukula society tgt /pgt selection list..

panchayathraj secretary cut off marks............
GURUKULA PGT MERIT LIST 2018.
GURUKULA PGT BIO SCIENCE MERIT LIST 2018
GURUKULAM BIOLOGICAL SCIENCE RESULTS 2018",Science and Technology
100,NON2YsLyBSQ,Advice from a Biological Sciences (BS) student from drkit.org,"All Biology Videos - http://www.drkit.org/biology

A student enrolled in a Biological Sciences program provides advice for students considering going into this major.",Science and Technology
101,Zer1kqJXrg,Biological Science - ÿ≠€åÿßÿ™€åÿßÿ™€å ÿ≥ÿßÿ¶ŸÜÿ≥ ‡•§ MANUU B.Ed Entrance (R) - 2018 ‡•§ RizwanZahir ‡•§ Q. 51-70 P-1/3,"Maulana Azad National Urdu University Hyderabad
B.Ed Entrance Test Regular Mode Question 2018

  


Subscribe my YouTube Channel RizwanZahir ",Science and Technology
102,QUTZsLACJKA,UCL Open Day 2015 ‚Äì Biological Sciences,,Science and Technology
103,15khsB77W5,#2 IIT JAM 2015 BIOLOGICAL SCIENCE | SOLUTION OF 3 NAT QUESTIONS | ONLINE BIOLOGY,"#2 IIT JAM 2015 BIOLOGICAL SCIENCE | SOLUTION OF 3 NAT QUESTIONS | ONLINE BIOLOGY

In this video I have solved 3 Numerical answer type questions from IIT JAM 2015 Biological Science. So Check it out......

If you like this video please hit the like button, Share this video with your friends, Comments below and don't forget to subscribe and press the bell icon...

Watch More...
[SET 4] 10 MODEL QUESTIONS FOR IIT JAM 2018 BIOLOGICAL SCIENCE PREPARATION


IIT JAM 2017 CUT OFF BIOLOGICAL SCIENCE & BIOTECHNOLOGY- Online Biology


SM Biology Class: This Youtube channel is all about biological science....here you will be informed about all Biology entrance exam like IIT JAM, JGEEBILS, CSIR NET, BET(DBT JRF), GATE, ICMR JRF, IISc, JNU etc. and you will learn various topics related to Biology.......So let's learn Biology...

Please Click here to subscribe...


Link of FB Page....",Science and Technology
104,PqnJOIdFY,Biological Sciences in 60 seconds,"Bristol is a city bursting with people, places and organisations centred around wildlife and conservation, all within easy reach of the University of Bristol. So much so that many graduates of Biological Sciences end up making it their home. Find out why in this video, and discover more at .",Science and Technology
105,QvcdPSfi9sE,BSc (Hons) Biological Sciences,Our academics and students give you an insight of what it's like to study BSc (Hons) Biological Sciences at BU.,Science and Technology
106,HPfkbCYnrJ,Biological science ÿ≠€åÿßÿ™€åÿßÿ™€å ÿ≥ÿßÿ¶ŸÜÿ≥ ‡•§ B.Ed Regular Mode EntranceTest-2017 ‡•§ RizwanZahir ‡•§ Part 1/3,"Maulana Azad National Urdu University Hyderabad
B.Ed Entrance Test (Regular Mode) - 2017
#RizwanZahir #MANUU #Urdu

Subscribe my YouTube Channel RizwanZahir 
.18",Science and Technology
107,gVCfC8WW4eU,Biological Sciences M121. Immunology with Hematology. Lecture 01. Course Introduction.,"UCI BioSci M121: Immunology with Hematology (Fall 2013)
Lec 01. Immunology with Hematology -- Course Introduction --
View the complete course:

Instructor: David A. Fruman, Ph.D.

License: Creative Commons CC-BY-SA
Terms of Use: . 
More courses at 

Description: UCI BioSci M121 covers the following topics: Antibodies, antigens, antigen-antibody reactions, cells and tissues of lymphoreticular and hematopoietic systems, and individual and collective components of cell-mediated and humoral immune response.

Recorded on September 23, 2013

Required attribution: Fruman, David. Immunology with Hematology M121 (UCI OpenCourseWare: University of California, Irvine), . [Access date]. License: Creative Commons Attribution-ShareAlike 4.0 United States License. ().",Science and Technology
108,d9aYrK5A34E,Welcome to Biological Sciences!,"Pitt's department of Biological Sciences is a broad-based department that spans the breadth of biological research including molecular, cellular, and developmental biology as well as ecology and evolution. Graduate students highlight features of the department that make it the right fit for graduate school.",Science and Technology
109,i9i-omlJLg,Biological science Model Papers- 2 # For all competative Exams,#Shineindia_Rktutorial #Biological_Science_Modelpaper_2,Science and Technology
110,QXjO_NVay0Q,Careers After Biological Sciences - Emma,"Emma Catchpole is Manager of the Cosmetic Formulation Team for Alliance Boots in Nottingham, UK. She studied Medical Biochemistry, one of a suite of Biological Sciences degrees available at the University of Leicester, graduating in 2002.

In this short video Emma talks about her role at the company, including development of the Protect and Perfect range (). For more information about Alliance Boots, please see their website  For more on a career in new product development, see  For more on the company's ethical policies, see 

This video is part of the Careers After Biological Sciences at Leicester initiative (CABS). Started in 2007, CABS aims to demonstrate the variety of careers that can be pursued after completion of a degree in the biosciences. For more information about Careers After Biological Sciences see  for more information about studying Biological Sciences at the University of Leicester see  and for more information about the University of Leicester see 

This film was produced by Marketing and Student Recruitment, University of Leicester.

Filmed & Edited by Carl Vivian
Produced by Dr Chris Willmott

This film was shot in 2009 so always check the University of Leicester webpages for latest information and up-to-date terms and conditions ",Science and Technology
111,JZKWQwHoYbU,CRACKING TIFR - NCBS BIOLOGICAL SCIENCE; TIPS AND TRICKS,"Interview by Tripti Kharbanda who finally qualified TIFR - NCBS Biological Science, she's a student of Grassroots academy, a premier coaching institute for MSc Biotech and Biological Science Entrances as well as IIT JAM Exam. She did her graduation in Microbiology from Institute of Home Economics (IHE) Delhi University.",Science and Technology
112,C46DKxVsmc0,NAIT: Biological Sciences,"Students in the Biological Sciences Technology program can be found in many learning environments. From the laboratory to the field, graduates gain the hands-on skills that lead to successful career paths. This is a two-year diploma program with three options for specialization: Laboratory and Research, Renewable Resources or Environmental Sciences.

Laboratory and research:
Laboratory technologists use and apply techniques in biotechnology, microbiology, physiology, cell culture, immunology and biochemistry.

Renewable resources:
Field technologists conduct fish and wildlife surveys, monitor biodiversity, evaluate soil and range conditions, collect water samples and deliver environmental education to a variety of groups.

Environmental sciences:
Environmental technologists can sample and monitor air, water or soil, perform environmental site assessment, site remediation and reclamation, monitor and manage hazardous waste and apply environmental legislation.

All specializations:
Graduates are valued for their professionalism, effective communication, and competency and can work safely and efficiently in a team environment.

Questions:
phone: 780.471.8586
email: nait.ca/bioscience bioscience@nait.ca",Science and Technology
113,CRhEe0aet5E,Satyajit Mayor (NCBS): Biological Sciences in India,"https://www.ibiology.org/science-and-...

Mayor explains why now is an exciting time to pursue biological research in India.  As well as generous government funding and available jobs, it is possible to do truly innovative research and to help shape the emerging ethos of science in India.",Science and Technology
114,Ii63kwk8e8,How to crack TIFR GS Biological science or JGEBILIS (English Version)????,"Important informations about  TIFR GS  Biological science or JGEBILIS in English version.
Subscibe now to watch more videos: ...
Please like, share and subscribe
Hit the bell icon for future notifications
Follow:
...",Science and Technology
115,5wQmq5UynNM,SCERT (TTP) || Biology - Pedagogical Shift in Biological Science || LIVE With Y. Kalpana,"SoFTNET T-SAT || SCERT (TTP) || Pedagogy Of Biology - Pedagogical Shift in Biological Science || LIVE  With Y. Kalpana

Subscribe: 
Watch On: .",Science and Technology
116,_0UwQFYCqVQ,EDS 1022 General Biological Science (Course Preview),"This course introduces the concepts and applications of the biological sciences for non-science majors. It also explores cell structure, reproduction, genetics and genetic engineering, evolution, and the environment.",Science and Technology
